date,순위,영화명,개봉일,매출액,매출액점유율,누적매출액,관객수,누적관객수,스크린수,상영횟수,대표국적,국적,배급사
2018.12,1,보헤미안 랩소디,2018-10-31,32956934856,17.9%,80010440345,3797922,9224582,1103,85465,미국,미국,이십세기폭스코리아(주)
2018.12,2,아쿠아맨,2018-12-19,30454292381,16.5%,30454292381,3491857,3491857,1285,54505,미국,"미국,호주",워너브러더스 코리아(주)
2018.12,3,국가부도의 날,2018-11-28,25410814467,13.8%,30845862137,3003317,3747952,1173,83294,한국,한국,씨제이이앤엠(주)
2018.12,4,마약왕,2018-12-19,15784724552,8.6%,15784724552,1813594,1813594,1297,41658,한국,한국,(주)쇼박스
2018.12,5,도어락,2018-12-05,12683552886,6.9%,12792097886,1543800,1559616,954,53651,한국,한국,메가박스중앙(주)플러스엠
2018.12,6,스윙키즈,2018-12-19,10304613602,5.6%,10308565602,1258317,1258811,984,32235,한국,한국,(주)넥스트엔터테인먼트월드(NEW)
2018.12,7,PMC: 더 벙커,2018-12-26,9704247367,5.3%,9704247367,1179031,1179031,1081,26690,한국,한국,씨제이이앤엠(주)
2018.12,8,범블비,2018-12-25,9756083752,5.3%,9756083752,1167150,1167150,1016,26260,미국,미국,롯데컬처웍스(주)롯데엔터테인먼트
2018.12,9,스파이더맨: 뉴 유니버스,2018-12-12,5305289076,2.9%,5305289076,639934,639934,722,22113,미국,미국,소니픽쳐스엔터테인먼트코리아주식회사극장배급지점
2018.12,10,호두까기 인형과 4개의 왕국,2018-12-06,4120048900,2.2%,4120048900,513767,513767,294,14238,미국,미국,월트디즈니컴퍼니코리아 유한책임회사
2018.12,11,그린치,2018-12-19,3675369950,2.0%,3675441950,485056,485064,724,10997,미국,미국,유니버설픽쳐스인터내셔널 코리아(유)
2018.12,12,점박이 한반도의 공룡2 : 새로운 낙원,2018-12-25,2941541400,1.6%,2941541400,375312,375312,672,6495,한국,한국,(주)넥스트엔터테인먼트월드(NEW)
2018.12,13,성난황소,2018-11-22,2558924225,1.4%,13236490737,311026,1593386,635,13424,한국,한국,(주)쇼박스
2018.12,14,극장판 짱구는 못말려: 아뵤! 쿵후 보이즈 ~라면 대란~,2018-12-19,2148708050,1.2%,2148708050,277206,277206,489,5329,일본,일본,씨제이이앤엠(주)
2018.12,15,모털 엔진,2018-12-05,2324362119,1.3%,2324362119,267896,267896,661,15454,미국,미국,유니버설픽쳐스인터내셔널 코리아(유)
2018.12,16,완벽한 타인,2018-10-31,1964919100,1.1%,44350807074,237333,5293435,548,10753,한국,한국,롯데컬처웍스(주)롯데엔터테인먼트
2018.12,17,런닝맨 : 풀룰루의 역습,2018-12-05,1413729750,0.8%,1420218750,186191,186912,511,5518,한국,한국,(주)넥스트엔터테인먼트월드(NEW)
2018.12,18,극장판 포켓몬스터 모두의 이야기,2018-12-19,1314100400,0.7%,1314100400,169677,169677,493,4484,일본,일본,(주)이수C&E
2018.12,19,후드,2018-11-28,1303467875,0.7%,2203434149,157836,284601,603,8035,미국,미국,(주)이수C&E
2018.12,20,신비한 동물들과 그린델왈드의 범죄,2018-11-14,998206166,0.5%,20816583118,119099,2414062,409,4167,미국,미국,워너브러더스 코리아(주)
2018.12,21,부탁 하나만 들어줘,2018-12-12,988418788,0.5%,992810788,114536,115024,461,8518,미국,미국,(주)팝엔터테인먼트
2018.12,22,엘리엇과 산타 썰매단,2018-12-12,399032800,0.2%,399032800,57579,57579,335,2047,캐나다,캐나다,(주)팝엔터테인먼트
2018.12,23,헌터 킬러,2018-12-06,459510450,0.2%,464838450,55919,56511,226,2774,미국,미국,씨네그루(주)키다리이엔티
2018.12,24,말모이,2019-01-09,304505000,0.2%,304507000,53575,53576,108,251,한국,한국,롯데컬처웍스(주)롯데엔터테인먼트
2018.12,25,번개맨의 비밀,2018-12-06,382525050,0.2%,394126050,49574,50863,309,2263,한국,한국,(주)디스테이션
2018.12,26,바울,2018-10-31,367725850,0.2%,2100137400,47916,267785,91,1446,미국,미국,(재)CBS
2018.12,27,인생 후르츠,2018-12-06,255306350,0.1%,262308350,33311,34289,52,1484,일본,일본,(주)엣나인필름
2018.12,28,베일리 어게인,2018-11-22,234262900,0.1%,796864900,27840,93691,148,1653,미국,미국,(주)홈초이스
2018.12,29,모어 댄 블루,2018-12-12,210275600,0.1%,217391600,25935,27121,132,1901,대만,대만,오드
2018.12,30,투 프렌즈,2018-11-29,174120850,0.1%,199496700,24324,28082,273,1054,러시아,러시아,(주)박수엔터테인먼트
2018.12,31,로마,2018-12-12,173245000,0.1%,173245000,21401,21401,32,728,멕시코,멕시코,판씨네마(주)
2018.12,32,러빙 빈센트 : 비하인드 에디션,2018-12-13,171441500,0.1%,171441500,19886,19886,97,1417,영국,영국,(주)이수C&E
2018.12,33,어거스트 러쉬,2007-11-29,162193500,0.1%,14346012000,19442,2227456,134,1608,미국,미국,"(주)영화사 그램,씨제이엔터테인먼트"
2018.12,34,트와이스랜드,2018-12-07,153765000,0.1%,153765000,18252,18252,53,572,한국,한국,씨제이 씨지브이(CJ CGV)(주)
2018.12,35,거미줄에 걸린 소녀,2018-11-28,142155150,0.1%,255329200,17328,32418,274,1749,미국,미국,소니픽쳐스엔터테인먼트코리아주식회사극장배급지점
2018.12,36,트와일라잇,2008-12-10,119013550,0.1%,8945687550,15450,1376723,96,919,미국,미국,"판씨네마(주),(주)넥스트엔터테인먼트월드(NEW)"
2018.12,37,내안의 그놈,2019-01-09,107916000,0.1%,118536000,13467,15171,14,60,한국,한국,"(주)메리크리스마스,TCO(주)더콘텐츠온"
2018.12,38,트루먼 쇼,1998-10-24,106703000,0.1%,107063000,12470,12510,133,1123,미국,미국,주식회사 해리슨앤컴퍼니
2018.12,39,갈매기,2018-12-13,88614250,0.0%,88614250,10719,10719,43,686,미국,미국,(주)뮤제엔터테인먼트
2018.12,40,토마스와 친구들: 우정의 대모험,2018-12-13,71627750,0.0%,71627750,9899,9899,196,829,영국,영국,와이드 릴리즈(주)
2018.12,41,브로크백 마운틴,2006-03-01,85775000,0.0%,1452929800,9870,219428,25,793,미국,미국,"유니버설픽쳐스인터내셔널 코리아(유),씨제이엔터테인먼트"
2018.12,42,영주,2018-11-22,72196800,0.0%,191696250,9342,24676,68,1046,한국,한국,CGV아트하우스
2018.12,43,메리 셸리: 프랑켄슈타인의 탄생,2018-12-20,76730950,0.0%,76730950,9208,9208,37,555,미국,"미국,영국",(주)팝엔터테인먼트
2018.12,44,미스터 스마일,2018-12-27,78284800,0.0%,78284800,9138,9138,56,393,미국,미국,(주)티캐스트
2018.12,45,극장판 파워레인저 갤럭시포스 VS 스페이스 스쿼드,2018-12-06,64418550,0.0%,68054550,8375,8779,199,828,일본,일본,(주)이수C&E
2018.12,46,이차크의 행복한 바이올린,2018-12-20,61702350,0.0%,61702350,8050,8050,26,370,미국,미국,(주)영화사 진진
2018.12,47,콜드플레이: 헤드 풀 오브 드림스,2018-12-28,112304000,0.1%,112304000,8017,8017,23,55,영국,영국,에스디시코리아 주식회사
2018.12,48,일곱 개의 대죄 : 천공의 포로,2018-11-29,58542200,0.0%,85536100,7301,10806,88,603,일본,일본,(주)엠제이픽쳐스
2018.12,49,번 더 스테이지: 더 무비,2018-11-15,61452400,0.0%,2671391900,7200,315010,57,241,한국,한국,월트디즈니컴퍼니코리아 유한책임회사
2018.12,50,인 디 아일,2018-11-22,60723400,0.0%,79841900,7100,9330,21,460,독일,독일,M&M 인터내셔널
2018.12,51,더 파티,2018-12-20,54265350,0.0%,54517350,6494,6553,32,402,영국,영국,(주)라이크 콘텐츠
2018.12,52,툴리,2018-11-22,45814200,0.0%,302483000,6304,37241,60,393,캐나다,캐나다,(주)리틀빅픽쳐스
2018.12,53,출국,2018-11-14,34234100,0.0%,640943850,4854,81880,17,261,한국,한국,
2018.12,54,주먹왕 랄프 2: 인터넷 속으로,2019-01-03,42395000,0.0%,42395000,4516,4516,9,20,미국,미국,월트디즈니컴퍼니코리아 유한책임회사
2018.12,55,스타 이즈 본,2018-10-09,38276600,0.0%,4197504400,4367,483852,10,137,미국,미국,워너브러더스 코리아(주)
2018.12,56,폴란드로 간 아이들,2018-10-31,33082500,0.0%,371846800,4344,48462,15,170,한국,한국,커넥트픽쳐스(주)
2018.12,57,"소년, 소녀를 만나다",,21000000,0.0%,21412000,4200,4252,5,29,한국,한국,
2018.12,58,그린 북,2019-01-09,41069300,0.0%,41069300,4101,4101,15,59,미국,미국,CGV아트하우스
2018.12,59,어른이 되면,2018-12-13,28389900,0.0%,31009900,3840,4216,25,307,한국,한국,(주)시네마달
2018.12,60,은혼2: 규칙은 깨라고 있는 것,2018-12-13,30828650,0.0%,38632450,3698,4574,48,368,일본,일본,메가박스중앙(주)플러스엠
2018.12,61,데스티네이션 웨딩,2018-12-13,28856500,0.0%,28856500,3612,3612,85,634,미국,미국,(주)유로커뮤니케이션
2018.12,62,하나 빼고 완벽한 뉴욕 아파트,2018-12-27,30944800,0.0%,30944800,3609,3609,37,236,미국,미국,판씨네마(주)
2018.12,63,심판자들,2018-04-13,7912000,0.0%,7915000,3189,3190,3,13,미국,미국,제인앤유
2018.12,64,리벤져,2018-12-06,22088100,0.0%,23924100,3028,3232,57,368,한국,한국,(주)리틀빅픽쳐스
2018.12,65,삼국-무영자,2018-12-13,15498500,0.0%,16776500,2914,3056,38,204,중국,중국,(주)제이앤씨미디어그룹
2018.12,66,그것: 광대의 저주,2018-04-18,7345000,0.0%,7348000,2904,2905,3,13,미국,미국,제인앤유
2018.12,67,지구침공: 인류 최후의 날,2018-04-23,7107000,0.0%,7110000,2881,2882,3,12,미국,미국,(주)영화사 안다미로
2018.12,68,익스트림 파이트 클럽,2018-05-02,6694000,0.0%,6697000,2781,2782,3,12,미국,미국,(주)영화사 안다미로
2018.12,69,꼬마비행기 피티와 친구들:사막구출 대작전,2018-11-22,13130650,0.0%,95151000,2367,13710,14,90,중국,중국,와이드 릴리즈(주)
2018.12,70,저니스 엔드,2018-11-28,18399950,0.0%,37714850,2323,4861,59,350,영국,영국,(주)스톰픽쳐스코리아
2018.12,71,해피 투게더,2018-11-15,13762000,0.0%,204452450,2268,27046,5,30,한국,한국,플레이리스트(주)
2018.12,72,캐롤,2016-02-04,19831500,0.0%,2692146753,2215,324866,10,55,미국,"미국,영국",CGV아트하우스
2018.12,73,아이스,2019-02-07,16357300,0.0%,16357300,2187,2187,5,15,러시아,러시아,(주)마노엔터테인먼트
2018.12,74,별나라 몰리 몬스터,2018-11-29,16035200,0.0%,17796300,2144,2395,63,202,독일,"독일,스웨덴,스위스",(주)영화사 빅
2018.12,75,레토,2019-01-03,20132300,0.0%,20132300,2107,2107,14,32,러시아,"러시아,프랑스","(주)엣나인필름,플레이리스트(주)"
2018.12,76,헬 페스트,2018-12-13,16378800,0.0%,16378800,2047,2047,82,533,미국,미국,(주)삼백상회
2018.12,77,캡틴 샤키,2018-11-22,11332400,0.0%,106257150,1981,15100,26,97,독일,독일,예지림엔터테인먼트
2018.12,78,원더,2017-12-27,14353500,0.0%,2010607189,1867,263618,7,53,미국,미국,CGV아트하우스
2018.12,79,산상수훈,2017-12-07,14204650,0.0%,364405400,1862,49479,3,26,한국,한국,"이언픽쳐스,(주)그란"
2018.12,80,위시업,2018-12-13,14607550,0.0%,14607550,1828,1828,61,449,미국,미국,(주)영화사 그램
2018.12,81,샘,2018-11-29,13392500,0.0%,25197750,1589,3184,59,448,한국,한국,롯데컬처웍스(주)롯데엔터테인먼트
2018.12,82,외팔이,,3146000,0.0%,5997000,1573,2809,1,20,홍콩,홍콩,
2018.12,83,미래의 미라이,2019-01-16,14724800,0.0%,14724800,1571,1571,2,7,일본,일본,메가박스중앙(주)플러스엠
2018.12,84,신데렐라,2018-12-01,35695000,0.0%,35695000,1544,1544,11,75,미국,미국,(주) 인스터 글로벌
2018.12,85,리틀 이태리,2018-12-06,11483800,0.0%,13805800,1530,1788,11,170,캐나다,캐나다,(주)드림팩트엔터테인먼트
2018.12,86,스잔나,1981-07-17,3081000,0.0%,5926000,1523,2923,1,20,홍콩,홍콩,
2018.12,87,사랑은 오직 한 길,,3036000,0.0%,3754000,1513,1872,1,23,프랑스,"프랑스,이탈리아",
2018.12,88,동네사람들,2018-11-07,10755500,0.0%,3818515112,1493,461693,3,17,한국,한국,(주)리틀빅픽쳐스
2018.12,89,더 포스트,2018-02-28,11913000,0.0%,1102464148,1487,139389,9,51,미국,미국,CGV아트하우스
2018.12,90,"안녕, 나의 소녀 시절이여",2018-12-12,11325500,0.0%,16560500,1446,2055,11,178,한국,한국,(주)드림팩트엔터테인먼트
2018.12,91,패터슨,2017-12-21,11726808,0.0%,553191208,1436,67058,14,63,프랑스,"프랑스,독일,미국",그린나래미디어(주)
2018.12,92,데드 스토리,2018-04-13,4143000,0.0%,8200000,1423,3424,2,5,미국,미국,(주)영화사 안다미로
2018.12,93,엑소시스트: 사탄의 부활,2018-03-30,4018000,0.0%,8075000,1398,3399,2,5,미국,미국,(주)영화사 안다미로
2018.12,94,보디가드,1992-12-05,2780000,0.0%,44141800,1380,6554,1,15,미국,미국,판씨네마(주)
2018.12,95,걸스 나잇,2018-03-09,3693000,0.0%,7751000,1333,3334,2,5,미국,미국,(주)영화사 안다미로
2018.12,96,13일의 금요일: 더 파이널,2018-03-09,3483000,0.0%,7541000,1291,3292,2,5,미국,미국,(주)영화사 안다미로
2018.12,97,새벽의 약속,2018-11-22,8805450,0.0%,28135850,1244,3640,7,88,프랑스,프랑스,(주)일레븐엔터테인먼트
2018.12,98,언니,2019-01-01,11155000,0.0%,11155000,1243,1243,3,6,한국,한국,"(주)제이앤씨미디어그룹,TCO(주)더콘텐츠온"
2018.12,99,안개 속 소녀,2018-12-06,9631900,0.0%,16849900,1216,2018,31,248,이탈리아,이탈리아,(주)미디어 마그나
2018.12,100,그대 이름은 장미,2019-01-16,13024000,0.0%,13024000,1184,1184,4,5,한국,한국,(주)리틀빅픽쳐스
2018.12,101,칼 타고,,2164000,0.0%,2164000,1082,1082,1,15,이탈리아,"이탈리아,프랑스",
2018.12,102,너의 췌장을 먹고 싶어,2018-11-15,8575900,0.0%,410303605,1070,52355,12,72,일본,일본,(주)넥스트엔터테인먼트월드(NEW)
2018.12,103,리칭의 여선생,1972-07-06,2067000,0.0%,14042000,1031,5858,1,17,한국,한국,
2018.12,104,도요새,,2063000,0.0%,3159000,1029,1577,1,12,미국,미국,
2018.12,105,군산: 거위를 노래하다,2018-11-08,5977800,0.0%,126520500,1016,15333,15,115,한국,한국,(주)트리플픽쳐스
2018.12,106,선종 무문관,2018-12-13,8529800,0.0%,8529800,1009,1009,3,32,한국,한국,(주)드림팩트엔터테인먼트
2018.12,107,다이빙: 그녀에 빠지다,2018-11-29,6728150,0.0%,11763350,963,1571,12,99,프랑스,프랑스,(주)디스테이션
2018.12,108,"1991, 봄",2018-10-31,7024000,0.0%,42862750,947,5707,3,37,한국,한국,(주)인디플러그
2018.12,108,워크 투 리멤버,2002-06-21,7183800,0.0%,10574600,947,1433,24,149,미국,미국,"아이 엠,(주)씨네월드"
2018.12,110,리스펙트,2018-11-28,8581500,0.0%,18974250,935,2279,35,216,한국,한국,커넥트픽쳐스(주)
2018.12,111,뷰티풀 데이즈,2018-11-21,6360700,0.0%,54550550,922,7294,11,115,한국,"한국,프랑스","(주)콘텐츠판다,(주)스마일이엔티"
2018.12,112,휘트니,2018-08-23,1834000,0.0%,176021027,917,22092,1,12,미국,미국,판씨네마(주)
2018.12,113,부다페스트 로큰롤,2018-12-20,6592400,0.0%,6980400,891,957,7,73,헝가리,헝가리,알토미디어(주)
2018.12,114,신과함께-인과 연,2018-08-01,6283000,0.0%,102666146909,837,12274996,3,8,한국,한국,롯데컬처웍스(주)롯데엔터테인먼트
2018.12,115,사랑의 스잔나,1976-08-12,1673000,0.0%,13730000,829,6762,1,13,한국,"한국,홍콩",
2018.12,116,어느 가족,2018-07-26,6592000,0.0%,1411660900,811,170743,3,21,일본,일본,(주)티캐스트
2018.12,117,미녀와교수,,1612000,0.0%,1612000,806,806,1,15,,,
2018.12,118,카메라를 멈추면 안 돼!,2018-08-23,6321766,0.0%,172662766,804,19762,4,49,일본,일본,"(주)디오시네마,(주)영화사 그램"
2018.12,119,라라랜드,2016-12-07,6640800,0.0%,30016687494,803,3598388,2,15,미국,미국,판씨네마(주)
2018.12,120,용문객잔,,1584000,0.0%,1624000,792,798,1,15,대만,대만,
2018.12,121,황야의 결투,2010-11-30,1213000,0.0%,11857000,786,5694,1,6,미국,미국,
2018.12,122,분노의 강,,1579000,0.0%,3212000,782,1602,1,23,미국,미국,
2018.12,123,베라크루스,1971-02-13,928000,0.0%,21012000,773,10360,1,3,미국,미국,
2018.12,123,화씨 11/9: 트럼프의 시대,2018-11-22,5673150,0.0%,33604550,773,4212,20,114,미국,미국,"(주)누리픽쳐스,(주)영화사 진진"
2018.12,125,나츠메 우인장: 세상과 연을 맺다,2018-10-31,7106200,0.0%,387190200,758,46913,4,16,일본,일본,(주)애니플러스
2018.12,125,전장이여 영원히,,1516000,0.0%,1516000,758,758,1,12,미국,미국,
2018.12,127,유리씨즈,1975-12-27,961000,0.0%,21776000,743,11132,1,5,이탈리아,이탈리아,
2018.12,128,이창,,1159000,0.0%,27149500,728,5878,1,4,미국,미국,(주)영화사 안다미로
2018.12,129,허스토리,2018-06-27,3544000,0.0%,2521025949,722,336822,1,5,한국,한국,(주)넥스트엔터테인먼트월드(NEW)
2018.12,130,팬텀 스레드,2018-03-08,6425600,0.0%,243266300,714,29623,7,11,미국,미국,유니버설픽쳐스인터내셔널 코리아(유)
2018.12,131,토스카,2018-11-18,17364000,0.0%,27144000,711,1152,11,67,독일,독일,(주)케빈앤컴퍼니
2018.12,132,소녀의 세계,2018-11-29,3730900,0.0%,12451200,700,1808,14,177,한국,한국,(주)드림팩트엔터테인먼트
2018.12,133,박물관이 진짜 살아있다,2018-11-08,3785000,0.0%,204365150,699,28064,4,13,체코,체코,(주)팝엔터테인먼트
2018.12,134,구스범스: 몬스터의 역습,2018-11-07,3476000,0.0%,206296600,695,25857,4,12,미국,미국,소니픽쳐스엔터테인먼트코리아주식회사극장배급지점
2018.12,135,더 넌: 수녀의 저주,2018-11-03,3630000,0.0%,3632000,678,679,3,6,미국,미국,제인앤유
2018.12,135,추하 내사랑,1978-03-25,1356000,0.0%,1356000,678,678,1,15,한국,"한국,홍콩",
2018.12,137,이오지마의 영웅,,1328000,0.0%,1328000,664,664,1,9,미국,미국,
2018.12,138,할로윈,2018-10-31,3300000,0.0%,891158713,660,108780,1,11,미국,미국,유니버설픽쳐스인터내셔널 코리아(유)
2018.12,139,다영씨,2018-12-06,4595600,0.0%,7008600,647,1007,19,234,한국,한국,㈜인디스토리
2018.12,140,가버나움,2019-01-24,6375800,0.0%,6375800,627,627,5,11,기타,기타,"그린나래미디어(주),플레이리스트(주)"
2018.12,141,정복되지 않는 사람들,,1252000,0.0%,2006000,626,989,1,11,미국,미국,
2018.12,142,비련의 공주 엘리자베스,,1240000,0.0%,2214000,620,1107,1,12,미국,미국,
2018.12,143,셰이프 오브 워터: 사랑의 모양,2018-02-22,5983450,0.0%,4218077050,615,507102,7,7,미국,미국,이십세기폭스코리아(주)
2018.12,144,동심초,,1129000,0.0%,11793000,588,5931,2,12,한국,한국,
2018.12,145,메기,2019-09-26,4310000,0.0%,4310000,587,587,1,5,한국,한국,"(주)엣나인필름,CGV아트하우스"
2018.12,146,쇼처럼 즐거운 인생은 없다,,1159000,0.0%,6044000,572,2773,1,15,미국,미국,
2018.12,147,오만과 편견,,1128000,0.0%,8808000,564,4389,1,12,미국,미국,
2018.12,148,기동전사 건담 디 오리진Ⅵ: 탄생 붉은 혜성,2018-06-13,3230000,0.0%,85337500,555,13788,1,3,일본,일본,(주)디스테이션
2018.12,149,자랑과 정열,,1100000,0.0%,11655000,550,5454,1,13,미국,미국,
2018.12,150,아사코,2019-03-14,4586000,0.0%,4809000,547,589,1,6,일본,일본,(주)이수C&E
2018.12,151,멋진 인생,,1082000,0.0%,16810000,541,7351,1,5,미국,미국,
2018.12,152,천국이 허락한 모든 것,,755000,0.0%,6567000,538,3106,1,6,미국,미국,
2018.12,153,로빈슨의 언더워터 어드벤처,2018-11-15,2976000,0.0%,125199550,522,17674,1,8,러시아,러시아,(주)박수엔터테인먼트
2018.12,154,그것만이 내 세상,2018-01-17,3068000,0.0%,27454117382,515,3419753,1,5,한국,한국,씨제이이앤엠(주)
2018.12,155,달빛 아래서,,1026000,0.0%,3917000,513,1956,1,16,미국,미국,
2018.12,156,버블 패밀리,2018-12-20,3638700,0.0%,5917200,509,958,13,122,한국,한국,무브먼트
2018.12,157,화이트 크리스마스,,1019000,0.0%,7705000,502,3842,2,12,미국,미국,
2018.12,158,덕구,2018-04-05,2645000,0.0%,2389041700,499,315663,3,5,한국,한국,메가박스중앙(주)플러스엠
2018.12,159,나는 살고 싶다,,994000,0.0%,5394000,497,2692,1,12,미국,미국,
2018.12,160,싸이코 킬러,2018-11-16,2720000,0.0%,2722000,495,496,2,4,미국,미국,제인앤유
2018.12,161,1987,2017-12-27,2465000,0.0%,58169776145,493,7232387,2,6,한국,한국,씨제이이앤엠(주)
2018.12,162,벌새,2019-08-29,3492500,0.0%,3492500,485,485,1,5,한국,한국,"(주)엣나인필름,(주)콘텐츠판다"
2018.12,163,협녀,,951000,0.0%,2725000,473,720,1,6,대만,대만,
2018.12,164,34번가의 기적,,941000,0.0%,6484000,469,3238,2,13,미국,미국,
2018.12,165,해피 댄싱,2018-11-15,3177100,0.0%,23864200,464,3332,8,63,영국,영국,주식회사 씨네룩스
2018.12,166,점박이:한반도의 공룡3D,2012-01-26,3851400,0.0%,9687335900,453,1051710,2,5,한국,한국,씨제이이앤엠(주)
2018.12,167,타샤 튜더,2018-09-13,2972000,0.0%,364604850,450,46032,3,22,일본,일본,(주)마노엔터테인먼트
2018.12,168,엄마의 공책,2018-03-15,2746000,0.0%,68175500,446,10187,1,9,한국,한국,아이 엠
2018.12,169,보이 앤 더 월드,2016-08-04,2200000,0.0%,6729050,440,1311,1,4,브라질,브라질,㈜영화사 백두대간
2018.12,170,SIFF2018-통일기획전 2,,3067000,0.0%,3067000,439,439,3,5,한국,한국,
2018.12,171,친구엄마 2018,2018-12-04,2573000,0.0%,2573000,436,436,21,22,한국,한국,(주)소나무픽쳐스
2018.12,172,콜 미 바이 유어 네임,2018-03-22,3861000,0.0%,1663750988,429,198945,1,1,이탈리아,"이탈리아,프랑스,브라질,미국",소니픽쳐스엔터테인먼트코리아주식회사극장배급지점
2018.12,173,다윗과 밧세바,,814000,0.0%,9688000,421,4877,1,6,미국,미국,
2018.12,174,참외향기,2018-05-31,1110000,0.0%,4610200,417,1006,2,21,한국,한국,(주)영화사 그램
2018.12,174,리틀 포레스트,2018-02-28,2482000,0.0%,11929202185,417,1506269,1,5,한국,한국,메가박스중앙(주)플러스엠
2018.12,176,페르세폴리스,2008-05-08,3474300,0.0%,94455800,416,13324,8,62,프랑스,"프랑스,미국","(주)영화사 진진,(주)스폰지이엔티"
2018.12,177,유전,2018-06-07,3435266,0.0%,1564910938,408,177647,2,5,미국,미국,(주)팝엔터테인먼트
2018.12,178,죄 많은 소녀,2018-09-13,3222000,0.0%,184400950,403,21700,1,7,한국,한국,CGV아트하우스
2018.12,179,愛憎,,770000,0.0%,7914000,401,3968,1,7,미국,미국,
2018.12,180,스틸 리메인즈,2018-05-11,1980000,0.0%,1982000,396,397,1,1,미국,미국,(주)영화사 안다미로
2018.12,181,기동전사 건담 디 오리진Ⅴ: 격돌 루움 전투,2018-06-13,2650000,0.0%,61728500,395,10794,1,2,일본,일본,(주)디스테이션
2018.12,182,델마,2018-08-15,3349000,0.0%,63203600,378,7072,1,5,노르웨이,"노르웨이,덴마크,스웨덴,프랑스",그린나래미디어(주)
2018.12,183,디자이닝 우먼,,746000,0.0%,2531000,373,1263,1,5,미국,미국,
2018.12,184,마담 B,2018-11-15,2394500,0.0%,9907200,367,1483,5,60,한국,"한국,프랑스",영화배급협동조합 씨네소파
2018.12,185,배틀크릭,2018-07-06,1785000,0.0%,1787000,357,358,1,1,미국,미국,제인앤유
2018.12,186,2018 중앙영화제 일출,,1740000,0.0%,1740000,348,348,2,3,한국,한국,
2018.12,187,미쓰백,2018-10-11,2939000,0.0%,6040344066,344,722182,2,9,한국,한국,(주)리틀빅픽쳐스
2018.12,188,아워 바디,2019-09-26,2266700,0.0%,2266700,338,338,1,3,한국,한국,(주)영화사 진진
2018.12,189,출동! 소방관 샘: 외계인 대소동,2018-11-08,2101000,0.0%,81998500,328,11364,2,16,영국,영국,(주)머스트씨무비릴리징컴퍼니
2018.12,190,여로,,642000,0.0%,17130000,327,8321,1,6,미국,미국,
2018.12,191,킹 오브 프리즘 - 프라이드 더 히어로,2017-06-10,3132950,0.0%,1075969750,325,128065,1,3,일본,일본,"동우에이앤이(주),(주)박수엔터테인먼트"
2018.12,192,택시 5,2018-11-22,2099400,0.0%,86093100,321,10768,15,50,프랑스,프랑스,(주)삼백상회
2018.12,193,SIFF2018-폐막식,,2044000,0.0%,2044000,296,296,1,1,한국,한국,
2018.12,194,토이 스토리 3,2010-08-05,2827200,0.0%,14335010700,290,1460726,1,8,미국,미국,한국소니픽쳐스릴리징브에나비스타영화㈜
2018.12,195,라이온 킹,1994-07-02,2961000,0.0%,3202986500,278,301296,1,7,미국,미국,브에나비스타인터내셔널코리아/월트디즈니
2018.12,195,인어전설,2018-11-15,1985000,0.0%,8698250,278,1113,2,8,한국,한국,(주)미로스페이스
2018.12,197,다잉,2018-12-27,1255200,0.0%,1255200,277,277,6,37,스페인,스페인,(주)더블앤조이픽쳐스
2018.12,198,킹 오브 프리즘,2016-08-11,2647000,0.0%,1000049000,269,120356,1,3,일본,일본,(주)박수엔터테인먼트
2018.12,199,버닝,2018-05-17,2294000,0.0%,4716771098,267,528435,2,9,한국,한국,CGV아트하우스
2018.12,200,맞짱,2018-09-12,518000,0.0%,2755000,259,1144,1,13,한국,한국,(주)차룡영화사
2018.12,201,한낮의 피크닉,2019-07-04,1719500,0.0%,1719500,253,253,1,3,한국,한국,서울독립영화제
2018.12,202,레인보우: 나의 사랑,2019-01-03,1917000,0.0%,1917000,252,252,2,10,이탈리아,"이탈리아,프랑스",(주)마노엔터테인먼트
2018.12,203,신을 믿습니까?,2016-04-21,1898000,0.0%,55126900,250,7779,1,1,미국,미국,와이드 릴리즈(주)
2018.12,204,오발탄,1961-04-13,463000,0.0%,4094000,247,2060,1,6,한국,한국,
2018.12,205,국가 성생활 관리위원회-무삭제판,2018-12-13,1183000,0.0%,1183000,244,244,20,20,한국,한국,(주)케이알씨지
2018.12,205,세 번째 엄마 무삭제판,2018-12-11,1183000,0.0%,1183000,244,244,18,20,한국,한국,(주)케이알씨지
2018.12,207,미친도시,2018-08-30,1906000,0.0%,26038500,243,3452,1,4,한국,한국,영화사 마그나
2018.12,207,주먹왕 랄프,2012-12-19,2062400,0.0%,6598168900,243,919202,1,5,미국,미국,소니픽쳐스릴리징월트디즈니스튜디오스코리아(주)
2018.12,209,천당의 밤과 안개,2018-11-29,2561200,0.0%,3350200,242,295,3,47,한국,한국,주식회사 마운틴픽쳐스
2018.12,210,내가 마지막 본 파리,2011-02-07,444000,0.0%,15811000,232,7545,1,6,미국,미국,
2018.12,211,집의 시간들,2018-10-25,1964200,0.0%,24136450,230,2896,2,32,한국,한국,KT&G 상상마당 영화사업팀 컴퍼니에스에스(주)
2018.12,211,SIFF2018-경쟁단편 2,,1577500,0.0%,1577500,230,230,1,3,한국,한국,
2018.12,213,언더독,2019-01-16,2217000,0.0%,3130000,229,382,1,2,한국,한국,(주)넥스트엔터테인먼트월드(NEW)
2018.12,214,에델과 어니스트,2018-05-10,1664000,0.0%,84047700,228,10180,2,7,영국,"영국,룩셈부르크",(주)영화사 진진
2018.12,215,SIFF2018-통일기획전 1,,1563800,0.0%,1563800,225,225,2,4,한국,한국,
2018.12,216,박열,2017-06-28,1120000,0.0%,18095295795,224,2359497,1,1,한국,한국,메가박스중앙(주)플러스엠
2018.12,217,사돈처녀,2018-12-14,1046000,0.0%,1046000,223,223,20,20,한국,한국,(주)컨텐츠 빌리지
2018.12,218,SIFF2018-특별단편 5,,1484000,0.0%,1484000,222,222,1,2,한국,한국,
2018.12,219,SIFF2018-경쟁단편 4,,1493700,0.0%,1493700,219,219,1,3,한국,한국,
2018.12,220,릴라와 마법의 책,2018-11-08,1228000,0.0%,14211000,211,2705,3,6,콜롬비아,"콜롬비아,우루과이",(주)영화사오원
2018.12,220,300 스파르탄,,405000,0.0%,5158000,211,2614,1,3,미국,미국,
2018.12,222,내 친구 정일우,2017-10-26,421000,0.0%,76699160,208,12245,2,55,한국,한국,(주)시네마달
2018.12,223,황태자의 첫사랑,,420000,0.0%,25473000,205,11776,1,8,미국,미국,
2018.12,224,드래곤 프린세스,2018-07-05,1228000,0.0%,107274200,204,17065,1,1,러시아,러시아,(주)박수엔터테인먼트
2018.12,224,인어공주,1991-12-21,2011800,0.0%,34085300,204,4333,1,6,미국,미국,
2018.12,224,카쓰므,,408000,0.0%,2863000,204,1331,1,6,영국,"영국,미국",
2018.12,227,SIFF2018-경쟁단편 5,,1390000,0.0%,1390000,203,203,1,3,한국,한국,
2018.12,227,데드 리스트,2018-10-16,1218000,0.0%,1219000,203,204,1,1,미국,미국,제인앤유
2018.12,227,아메리카 타운,2018-12-06,1197000,0.0%,1197000,203,203,7,65,한국,한국,전국예술영화관협회
2018.12,227,28세 미성년,2018-11-21,1575500,0.0%,91245000,203,11178,7,36,중국,중국,(주)드림팩트엔터테인먼트
2018.12,231,봄이가도,2018-09-13,1200000,0.0%,24339700,200,3379,1,1,한국,한국,(주)시네마달
2018.12,231,오장군의 발톱,2018-08-15,1000000,0.0%,18840600,200,3339,1,1,한국,한국,상남영화제작소
2018.12,233,불한당: 나쁜 놈들의 세상,2017-05-17,2068000,0.0%,7678945125,199,954444,2,2,한국,한국,씨제이이앤엠(주)
2018.12,234,창궐,2018-10-25,1568000,0.0%,13275772490,197,1599290,3,11,한국,한국,(주)넥스트엔터테인먼트월드(NEW)
2018.12,234,비긴 어게인,2014-08-13,1281500,0.0%,27150372661,197,3435266,1,5,미국,미국,판씨네마(주)
2018.12,236,초대녀 2,2018-12-28,1424000,0.0%,1424000,196,196,20,22,한국,한국,(주)컨텐츠 빌리지
2018.12,237,초이스,2018-11-08,1728000,0.0%,20286100,192,2380,1,1,미국,미국,(주)박수엔터테인먼트
2018.12,237,보희와 녹양,2019-05-29,1298200,0.0%,1298200,192,192,1,3,한국,한국,KT&G 상상마당 영화사업팀 컴퍼니에스에스(주)
2018.12,239,야공작,2017-06-01,955000,0.0%,1852000,191,321,1,2,중국,"중국,프랑스",(주)액티버스엔터테인먼트
2018.12,240,피서지에서 생긴 일,1972-08-19,380000,0.0%,22923000,190,11444,1,4,미국,미국,
2018.12,241,2018 중앙영화제 일몰,,940000,0.0%,940000,188,188,1,2,한국,한국,
2018.12,241,2018 중앙영화제 저녁,,940000,0.0%,940000,188,188,1,2,한국,한국,
2018.12,241,2018 중앙영화제 아침,,940000,0.0%,940000,188,188,1,2,한국,한국,
2018.12,244,갈채,,374000,0.0%,11005000,187,5151,1,12,미국,미국,
2018.12,245,안시성,2018-09-19,933000,0.0%,46335334026,185,5440186,1,1,한국,한국,(주)넥스트엔터테인먼트월드(NEW)
2018.12,246,원더풀 고스트,2018-09-26,1288000,0.0%,3720931600,184,450374,1,1,한국,한국,"(주)제이앤씨미디어그룹,TCO(주)더콘텐츠온"
2018.12,247,뽀로로 극장판 공룡섬 대모험,2017-12-07,1089000,0.0%,6228590300,183,827335,1,11,한국,한국,(주)넥스트엔터테인먼트월드(NEW)
2018.12,247,퍼스트맨,2018-10-18,1594000,0.0%,6094765639,183,665364,1,7,미국,미국,유니버설픽쳐스인터내셔널 코리아(유)
2018.12,249,징기스칸,1977-03-18,364000,0.0%,17685000,182,8518,1,8,미국,미국,
2018.12,250,해피엔드,2019-06-20,1707000,0.0%,3621000,181,473,1,2,프랑스,"프랑스,오스트리아 ,독일",그린나래미디어(주)
2018.12,251,너는 결코 서둘지 말라,,1219700,0.0%,1219700,180,180,1,3,한국,한국,
2018.12,251,해원,2018-05-10,1620000,0.0%,9788460,180,1589,1,1,한국,한국,레드무비
2018.12,253,나는보리,,1222000,0.0%,1222000,178,178,1,2,한국,한국,(주)영화사 진진
2018.12,254,호우시절,2009-10-08,925000,0.0%,2141905500,176,288116,1,14,한국,"한국,중국",(주)넥스트엔터테인먼트월드(NEW)
2018.12,255,서울의 지붕 밑,,350000,0.0%,5191000,175,2602,1,8,한국,한국,
2018.12,256,여선생2,2018-12-18,946000,0.0%,946000,173,173,20,20,한국,한국,(주)영화사히트
2018.12,257,"안나, 평양에서 영화를 배우다",2018-09-13,1200000,0.0%,7498500,171,996,1,1,호주,호주,독포레스트
2018.12,257,남의 아내,2018-12-18,942000,0.0%,942000,171,171,20,20,한국,한국,(주)가온콘텐츠
2018.12,257,"나, 다니엘 블레이크",2016-12-08,1197000,0.0%,731195000,171,97439,1,1,영국,영국,(주)영화사 진진
2018.12,260,해바라기,1982-11-14,838000,0.0%,25472000,170,11543,1,4,이탈리아,이탈리아,
2018.12,260,SIFF2018-특별단편 4,,1162100,0.0%,1162100,170,170,1,2,한국,한국,
2018.12,262,가정부 길들이기,2018-12-26,938000,0.0%,938000,169,169,20,20,한국,한국,(주)가온콘텐츠
2018.12,263,말 없는 사나이,,336000,0.0%,11414000,168,4941,1,6,미국,미국,
2018.12,263,비포 선라이즈,1996-03-30,957000,0.0%,466160748,168,57728,2,5,미국,"미국,오스트리아 ,스위스",(주)드림팩트엔터테인먼트
2018.12,265,한강에게,2019-04-04,1119800,0.0%,1265800,167,198,1,3,한국,한국,㈜인디스토리
2018.12,266,우리들,2016-06-16,830000,0.0%,371632460,166,50124,1,2,한국,한국,(주)엣나인필름
2018.12,266,스팔타카스,1974-01-23,332000,0.0%,9432000,166,4739,1,2,미국,미국,
2018.12,268,에스코바르,2018-11-15,680000,0.0%,70484500,164,8493,2,16,스페인,스페인,(주)영화사 빅
2018.12,269,일 포스티노,1996-03-09,1141000,0.0%,112146100,163,14934,1,1,이탈리아,"이탈리아,프랑스",(주)영화사 진진
2018.12,269,회전목마,,326000,0.0%,4022000,163,2003,1,6,미국,미국,
2018.12,271,풀잎들,2018-10-25,1244400,0.0%,59386250,162,7318,4,30,한국,한국,"(주)콘텐츠판다,(주)영화제작전원사 ,무브먼트"
2018.12,272,알래스카 북극곰,2018-12-13,848000,0.0%,848000,161,161,20,20,한국,한국,(주)나우콘텐츠
2018.12,272,밤의 문이 열린다,2019-08-15,1097400,0.0%,3228600,161,470,1,2,한국,한국,"무브먼트,영화배급협동조합 씨네소파"
2018.12,274,오목소녀,2018-05-24,449500,0.0%,9726300,160,1650,1,3,한국,한국,㈜인디스토리
2018.12,274,DIMA 방송보도제작과 영상제 ‘책갈피’ 2부 - Epilogue,,960000,0.0%,960000,160,160,1,1,한국,한국,
2018.12,274,백주의 결투,,306000,0.0%,5533000,160,2082,1,3,미국,미국,
2018.12,274,DIMA 방송보도제작과 영상제 ‘책갈피’ 1부 - Prologue,,960000,0.0%,960000,160,160,1,1,한국,한국,
2018.12,278,뷰티풀 보이스,2019-05-22,1067900,0.0%,1067900,159,159,1,2,한국,한국,"(주)스톰픽쳐스코리아,와이드 릴리즈(주)"
2018.12,278,작은 빛,2020-01-23,1095000,0.0%,1095000,159,159,1,3,한국,한국,(주)시네마달
2018.12,280,SIFF2018-경쟁단편 1,,1074300,0.0%,1298300,157,189,1,2,한국,한국,
2018.12,281,그랜드 부다페스트 호텔,2014-03-20,1099500,0.0%,6397993782,154,817115,2,13,미국,"미국,독일","(주)피터팬픽쳐스,이십세기폭스코리아(주)"
2018.12,282,SIFF2018-심야상영 밤새 GO,,1735000,0.0%,1735000,153,153,1,1,한국,한국,
2018.12,282,앤트맨과 와스프,2018-07-04,1224000,0.0%,47468053685,153,5448134,1,1,미국,미국,월트디즈니컴퍼니코리아 유한책임회사
2018.12,284,살로메,,302000,0.0%,2696000,151,1345,1,6,미국,미국,
2018.12,285,SIFF2018-선택단편 3,,1009200,0.0%,1265200,150,189,1,2,한국,한국,
2018.12,285,"광해, 왕이 된 남자",2012-09-13,756000,0.0%,88910142769,150,12323745,1,3,한국,한국,씨제이이앤엠(주)
2018.12,285,김군,2019-05-23,1030400,0.0%,1307900,150,193,1,2,한국,한국,영화사 풀
2018.12,288,곰돌이 푸 다시 만나 행복해,2018-10-03,1192000,0.0%,4093369860,149,492201,1,1,미국,미국,월트디즈니컴퍼니코리아 유한책임회사
2018.12,288,이상한 나라의 앨리스,,1544400,0.0%,10620600,149,1314,1,5,미국,미국,
2018.12,288,물랑루즈,2001-10-26,1341000,0.0%,140858155,149,21998,1,4,미국,미국,"(주)프레인글로벌,이십세기폭스필름코퍼레이션"
2018.12,291,라푼젤,2011-02-10,1385600,0.0%,10195049500,145,1015031,1,7,미국,미국,한국소니픽쳐스릴리징브에나비스타영화㈜
2018.12,291,히트,1996-08-10,290000,0.0%,43000500,145,5732,1,6,미국,미국,(주)영화사오원
2018.12,291,불안의 영화,,1090000,0.0%,1090000,145,145,1,2,포르투갈,포르투갈,
2018.12,294,연연풍진,,810500,0.0%,6529500,144,1013,1,10,대만,대만,
2018.12,295,"조제, 호랑이 그리고 물고기들",2004-10-29,1419000,0.0%,508346136,143,73887,1,2,일본,일본,"(주)프레인글로벌,(주)스폰지이엔티"
2018.12,296,SIFF2018-선택단편 2,,968100,0.0%,968100,142,142,1,3,한국,한국,
2018.12,296,극장판 공룡메카드: 타이니소어의 섬,2019-01-10,1278000,0.0%,1278000,142,142,1,1,한국,한국,(주)넥스트엔터테인먼트월드(NEW)
2018.12,298,더 블랙,2018-09-13,352500,0.0%,5746000,141,944,1,1,한국,한국,이달투
2018.12,299,로맨스 빠빠,1960-01-28,280000,0.0%,9399000,140,4704,2,8,한국,한국,
2018.12,299,스와니 강,,280000,0.0%,1022000,140,511,1,8,미국,미국,
2018.12,301,극장판 헬로카봇 : 백악기 시대,2018-08-01,828600,0.0%,6589532500,137,879449,2,10,한국,한국,(주)넥스트엔터테인먼트월드(NEW)
2018.12,302,길은 멀어도 마음만은,1977-07-16,272000,0.0%,5562000,136,2776,1,8,스페인,스페인,
2018.12,303,두 여인,,597000,0.0%,16440000,134,7638,1,4,이탈리아,"이탈리아,프랑스",
2018.12,304,노틀담의 꼽추,1971-07-31,266000,0.0%,25787000,133,12889,1,7,프랑스,프랑스,
2018.12,304,빌리 엘리어트,2001-02-16,1330000,0.0%,202187700,133,26899,1,1,영국,"영국,프랑스","(주)팝엔터테인먼트,유아이피-씨아이씨영화및비디오배급(유)"
2018.12,306,밤치기,2018-11-01,1126000,0.0%,16962450,132,2121,3,27,한국,한국,무브먼트
2018.12,306,뷰티플 마인드,2019-04-18,888100,0.0%,888100,132,132,1,2,한국,한국,롯데컬처웍스(주)롯데엔터테인먼트
2018.12,306,SIFF2018-선택단편 1,,870000,0.0%,870000,132,132,1,3,한국,한국,
2018.12,309,극장판 뽀잉: 슈퍼 변신의 비밀,2018-09-20,836000,0.0%,312710450,129,41054,2,10,한국,한국,"(주)이수C&E,(주)시너지미디어"
2018.12,310,크레이지 리치 아시안,2018-10-25,871000,0.0%,1333313141,128,154297,1,12,미국,미국,워너브러더스 코리아(주)
2018.12,311,논-픽션,2019-05-16,986000,0.0%,5357500,127,608,1,2,프랑스,프랑스,(주)트리플픽쳐스
2018.12,312,뉴욕 라이브러리에서,2018-10-11,1333000,0.0%,55287600,125,5491,2,13,미국,미국,(주)영화사 진진
2018.12,312,사수,,780000,0.0%,1626200,125,271,2,4,한국,한국,
2018.12,314,코만체로스,,248000,0.0%,4402000,124,2004,1,6,미국,미국,
2018.12,314,칠드런 오브 맨,2016-09-22,1204000,0.0%,167085200,124,20368,2,9,영국,"영국,미국","영화사 마농(주),(주)씨네클럽봉봉미엘"
2018.12,316,자매의교환섹스,2018-12-04,668000,0.0%,668000,122,122,19,20,한국,한국,에이원 미디어
2018.12,316,다방의 푸른 꿈,2017-01-26,244000,0.0%,4881000,122,855,1,15,한국,한국,"스토리 너머,아이 엠"
2018.12,318,SIFF2018-경쟁단편 3,,846000,0.0%,1279200,121,188,1,2,한국,한국,
2018.12,318,하나식당,2018-11-22,832000,0.0%,21398450,121,2505,4,24,한국,한국,(주)영화사오원
2018.12,320,가을이야기,,600000,0.0%,600000,120,120,1,1,한국,한국,
2018.12,320,윌리,2018-10-25,680000,0.0%,178555800,120,22716,1,2,말레이시아,말레이시아,㈜코리아스크린
2018.12,320,군대,,824000,0.0%,824000,120,120,1,3,한국,한국,
2018.12,323,유황도의 모래,1971-03-17,238000,0.0%,3017000,119,1256,1,8,미국,미국,
2018.12,323,로마의 휴일,,238000,0.0%,39894500,119,15006,1,8,미국,"미국,이탈리아",
2018.12,323,영시,,942000,0.0%,1158000,119,152,2,13,한국,한국,
2018.12,326,킬링 디어,2018-07-12,808468,0.0%,518464968,116,60008,2,4,미국,"미국,영국",오드
2018.12,327,루터,2017-10-18,230000,0.0%,219557300,115,31454,1,12,독일,독일,THE 픽쳐스
2018.12,328,토이 스토리,1995-12-30,978000,0.0%,8864500,114,1120,1,5,미국,미국,
2018.12,329,동년왕사,,623500,0.0%,2485500,113,390,1,8,대만,대만,
2018.12,330,십계,1973-06-16,224000,0.0%,37019072,112,18900,1,6,미국,미국,
2018.12,330,우정은 결코 죽지 않는다,,560000,0.0%,560000,112,112,1,1,브라질,브라질,
2018.12,330,히우네그루의 이야기,,560000,0.0%,560000,112,112,1,1,브라질,브라질,
2018.12,330,겨울밤에,,766400,0.0%,1507400,112,236,1,3,한국,한국,
2018.12,330,페소아의 리스본,,825000,0.0%,825000,112,112,1,2,포르투갈,포르투갈,
2018.12,335,나의 소녀시대,2016-05-12,770000,0.0%,3319338250,110,410151,1,1,대만,대만,오드
2018.12,335,맛있는 누나들,2018-12-19,644000,0.0%,644000,110,110,20,20,한국,한국,스마일컨텐츠
2018.12,337,SIFF2018-특별단편 2,,754000,0.0%,754000,108,108,1,2,한국,한국,
2018.12,337,나부야 나부야,2018-09-20,216000,0.0%,15062400,108,2789,1,15,한국,한국,㈜인디스토리
2018.12,337,분노,2017-03-30,1080000,0.0%,236783037,108,29332,2,2,일본,일본,메가박스중앙(주)플러스엠
2018.12,340,프리다의 그해 여름,2018-10-25,886000,0.0%,28802800,107,3684,2,14,스페인,스페인,(주)디스테이션
2018.12,340,아티스트,2012-02-16,642000,0.0%,924364100,107,120794,1,1,미국,"미국,프랑스",(주)영화사 진진
2018.12,342,어느 시골 사제의 일기,,500000,0.0%,1469000,105,251,1,3,,,
2018.12,342,토이 스토리 2,1999-12-18,913000,0.0%,6824500,105,844,1,5,미국,미국,
2018.12,344,오베라는 남자,2016-05-25,599500,0.0%,741682388,104,92896,1,2,스웨덴,스웨덴,"(주)싸이더스,(주)디스테이션"
2018.12,344,특별한 날,,461000,0.0%,2750000,104,450,1,3,이탈리아,"이탈리아,캐나다",
2018.12,344,길모퉁이 가게,,729000,0.0%,987000,104,142,1,2,한국,한국,
2018.12,347,러빙 빈센트,2017-11-09,885000,0.0%,3264892761,103,409692,2,6,영국,"영국,폴란드",판씨네마(주)
2018.12,348,"너는, 너라서, 너다",,707000,0.0%,707000,101,101,1,2,일본,일본,
2018.12,348,소공녀,2018-03-22,835000,0.0%,474426700,101,59374,2,14,한국,한국,CGV아트하우스
2018.12,350,레오파드,,717000,0.0%,4468000,98,734,1,1,이탈리아,이탈리아,
2018.12,350,사령혼: 죽은 넋,,1174000,0.0%,1174000,98,98,1,1,프랑스,"프랑스,스위스",
2018.12,350,포켓에 가득찬 행복,,196000,0.0%,3798000,98,1417,1,5,미국,미국,
2018.12,353,검은 태양은 밝아온다,,194000,0.0%,7648000,97,3570,1,2,미국,미국,
2018.12,353,플로리다 프로젝트,2018-03-07,873000,0.0%,794251100,97,94822,2,8,미국,미국,오드
2018.12,353,달빛궁궐,2016-09-07,577000,0.0%,1148884700,97,153273,1,4,한국,한국,(주)넥스트엔터테인먼트월드(NEW)
2018.12,356,독전: 익스텐디드 컷,2018-07-18,1056000,0.0%,845770600,96,137871,1,1,한국,한국,(주)넥스트엔터테인먼트월드(NEW)
2018.12,357,러브리스,2019-04-18,936000,0.0%,5375000,95,618,1,1,러시아,"러시아,프랑스,독일",그린나래미디어(주)
2018.12,358,2018 중앙영화제 새벽,,470000,0.0%,470000,94,94,1,1,한국,한국,
2018.12,359,칠곡 가시나들,2019-02-27,550000,0.0%,550000,93,93,1,2,한국,한국,"(주)인디플러그,(주)더 피플"
2018.12,359,바르다가 사랑한 얼굴들,2018-06-14,673000,0.0%,245996534,93,30392,2,6,프랑스,프랑스,(주)영화사 진진
2018.12,361,삼총사,,184000,0.0%,3550000,92,1765,1,6,미국,미국,
2018.12,361,업,2009-07-29,948000,0.0%,7544592100,92,1033026,1,5,미국,미국,한국소니픽쳐스릴리징브에나비스타영화㈜
2018.12,363,해피 아워,,464000,0.0%,1354000,91,227,1,1,일본,일본,
2018.12,364,마야2,2018-02-01,720000,0.0%,696489700,90,97165,1,1,독일,독일,(주)영화사 빅
2018.12,364,서부의 사나이,,180000,0.0%,4433000,90,2211,1,1,미국,미국,
2018.12,366,퐁네프의 연인들,1992-04-18,799000,0.0%,63889200,89,8227,1,1,프랑스,프랑스,오드
2018.12,367,남태평양,1971-08-07,174000,0.0%,19873924,87,11277,1,5,미국,미국,
2018.12,368,호밀밭의 반항아,2018-10-18,749000,0.0%,172602157,86,20713,3,12,미국,미국,(주)트리플픽쳐스
2018.12,369,굿모닝 맨하탄,2014-02-06,850000,0.0%,227400800,85,31655,1,1,인도,인도,(주)인벤트스톤
2018.12,369,리지,2019-01-10,930600,0.0%,930600,85,85,1,1,미국,미국,(주)팝엔터테인먼트
2018.12,371,고스트 스토리,2017-12-28,730000,0.0%,72473400,83,8499,1,6,미국,미국,"(주)리틀빅픽쳐스,주식회사 더쿱"
2018.12,372,보카치오 70,,359000,0.0%,4245000,80,1514,1,3,이탈리아,"이탈리아,프랑스",
2018.12,373,바다로 가자,,541200,0.0%,541200,78,78,1,2,한국,한국,
2018.12,373,제3의 사랑,2016-05-19,441000,0.0%,58908400,78,8206,1,16,중국,중국,(주)쇼박스
2018.12,375,친애하는 우리 아이,2018-11-01,380000,0.0%,15210500,77,1989,2,12,일본,일본,아이 엠
2018.12,375,모퉁이 가게,,154000,0.0%,4258000,77,1732,1,8,미국,미국,
2018.12,377,방황의 날들,2007-09-07,152000,0.0%,9896500,76,2029,1,15,한국,한국,위드시네마
2018.12,377,오렌지필름 기획전 - 아마도 계속 될 이야기,,523000,0.0%,523000,76,76,1,5,한국,한국,
2018.12,377,파리 1900,,376000,0.0%,376000,76,76,1,4,프랑스,프랑스,
2018.12,377,1900년,2008-05-09,378000,0.0%,378000,76,76,1,1,이탈리아,이탈리아,
2018.12,381,서부 개척사,,148000,0.0%,13703000,74,5495,1,9,미국,미국,
2018.12,382,늦여름,2018-10-25,664000,0.0%,9348400,73,1032,1,6,한국,한국,하준사
2018.12,382,신사는 금발을 좋아해,,557000,0.0%,16764000,73,7288,1,1,미국,미국,
2018.12,384,몽상가들,2005-03-25,498000,0.0%,287014204,72,41423,1,2,프랑스,프랑스,"찬란,오드"
2018.12,384,카사블랑카,1999-04-03,144000,0.0%,35945500,72,15052,1,8,미국,미국,
2018.12,386,내 여자친구의 엄마,2018-12-04,518000,0.0%,518000,71,71,20,20,한국,한국,(주)영화사가을
2018.12,386,"집에 돌아오면, 언제나 아내가 죽은 척을 하고있다",2020-02-20,497000,0.0%,749000,71,107,1,1,일본,일본,(주)영화사 그램
2018.12,388,좋은 친구들,2014-07-10,770000,0.0%,3223060031,70,407323,1,1,한국,한국,씨제이이앤엠(주)
2018.12,388,이태리식 결혼,,315000,0.0%,3293000,70,999,1,3,이탈리아,"이탈리아,프랑스",
2018.12,390,퍼미션,2019-02-27,593000,0.0%,593000,68,68,1,2,미국,미국,(주)에스와이코마드
2018.12,391,싱 스트리트,2016-05-19,600000,0.0%,4503172772,67,562940,1,3,아일랜드,"아일랜드,영국,미국",(주)이수C&E
2018.12,391,소피의 선택,,340000,0.0%,1486000,67,344,1,1,,,
2018.12,391,언제나 둘이서,,134000,0.0%,6969000,67,3165,1,2,영국,영국,
2018.12,394,미녀와 야수,1992-07-04,707500,0.0%,1522106500,66,148530,1,5,미국,미국,"워너브러더스 코리아(주),한국소니픽쳐스릴리징브에나비스타영화㈜"
2018.12,395,독전,2018-05-22,658200,0.0%,43485551113,64,5063684,1,3,한국,한국,(주)넥스트엔터테인먼트월드(NEW)
2018.12,395,맨 오브 마스크,2018-04-12,588000,0.0%,63025100,64,7955,1,6,프랑스,프랑스,(주)라이크 콘텐츠
2018.12,397,원한의 도곡리 다리,,126000,0.0%,11756000,63,5508,1,8,미국,미국,
2018.12,397,극장판 도라에몽: 진구의 보물섬,2018-08-15,343000,0.0%,1375508400,63,183220,1,1,일본,일본,(주)이수C&E
2018.12,397,본 투 비 블루,2016-06-09,567000,0.0%,767972624,63,94192,1,1,캐나다,"캐나다,영국,미국",그린나래미디어(주)
2018.12,400,마왕의 딸 이리샤,2019-09-26,408000,0.0%,408000,62,62,1,2,한국,한국,"(주)싸이더스,(주)삼백상회"
2018.12,401,세레나데,,122000,0.0%,2618000,61,1299,1,3,미국,미국,
2018.12,401,공사의 희로애락,,422000,0.0%,758000,61,114,1,4,한국,한국,
2018.12,403,구스 베이비,2019-01-16,540000,0.0%,540000,60,60,1,2,미국,미국,(주)이수C&E
2018.12,403,핵소 고지,2017-02-22,420000,0.0%,1343525900,60,177821,1,1,미국,"미국,호주",판씨네마(주)
2018.12,403,고령가 소년 살인사건,2017-11-23,501000,0.0%,126199500,60,9462,1,2,대만,대만,(주)리틀빅픽쳐스
2018.12,403,그녀와 아줌마의 동거,2018-12-07,300000,0.0%,300000,60,60,1,1,한국,한국,(주)나우콘텐츠
2018.12,403,우리 집,,291000,0.0%,355000,60,74,1,2,일본,일본,
2018.12,408,시네마 천국,1990-07-07,570000,0.0%,236684700,58,36367,1,3,프랑스,"프랑스,이탈리아",(주)팝엔터테인먼트
2018.12,408,모스크바 엘레지,,387000,0.0%,1068000,58,170,1,2,러시아,러시아,
2018.12,408,개를 훔치는 완벽한 방법,2014-12-31,464000,0.0%,2330895065,58,306743,1,1,한국,한국,"(주)리틀빅픽쳐스,(주)대명문화공장"
2018.12,408,피의 연대기,2018-01-18,464000,0.0%,83680200,58,10747,1,2,한국,한국,KT&G 상상마당 영화사업팀 컴퍼니에스에스(주)
2018.12,408,영광의 길,,116000,0.0%,3041000,58,1518,1,2,미국,미국,
2018.12,413,깊은밤 깊은 곳에,1979-01-20,114000,0.0%,2152000,57,988,1,6,미국,미국,
2018.12,413,허드슨 호크,1992-02-01,114000,0.0%,114000,57,57,1,1,미국,미국,
2018.12,415,앙: 단팥 인생 이야기,2015-09-10,254000,0.0%,221818862,56,27890,1,3,일본,일본,그린나래미디어(주)
2018.12,415,파도치는 땅,2019-04-04,395000,0.0%,440000,56,66,1,2,한국,한국,아이 엠
2018.12,415,라스트 씬,2019-12-12,389000,0.0%,796000,56,121,1,3,한국,한국,(주)시네마달
2018.12,418,어멍,2019-11-21,374400,0.0%,374400,55,55,1,3,한국,한국,(주)로드픽쳐스
2018.12,418,메가로돈,2018-08-15,495000,0.0%,4516122497,55,527962,1,1,미국,미국,워너브러더스 코리아(주)
2018.12,418,내가 사는 세상,2019-03-07,380000,0.0%,556000,55,82,1,2,한국,한국,㈜인디스토리
2018.12,421,"다카라, 내가 수영을 한 밤",,272000,0.0%,346000,54,69,1,2,일본,일본,
2018.12,421,어댑테이션,2003-05-08,275000,0.0%,1337000,54,194,1,1,미국,미국,(주)쇼박스
2018.12,423,SIFF2018-깜짝상영,,363000,0.0%,363000,53,53,1,1,한국,한국,
2018.12,423,마미,2014-12-18,360000,0.0%,467292544,53,58866,1,2,캐나다,"캐나다,프랑스",(주)엣나인필름
2018.12,423,녹차의 중력,2019-11-28,345000,0.0%,345000,53,53,1,1,한국,한국,주식회사 마운틴픽쳐스
2018.12,423,메리 크리스마스 미스터 모,2017-12-14,345000,0.0%,30335200,53,4290,1,3,한국,한국,㈜인디스토리
2018.12,423,산나리,,367000,0.0%,367000,53,53,1,2,한국,한국,
2018.12,423,SIFF2018-아카이브전 1,,364000,0.0%,364000,53,53,1,2,한국,한국,
2018.12,429,SIFF2018-통일기획전 7,,355800,0.0%,355800,52,52,1,1,한국,한국,
2018.12,429,비숍스 와이프,,104000,0.0%,1706000,52,853,1,1,,,
2018.12,431,너의 얼굴,,336000,0.0%,530000,51,79,1,1,대만,대만,
2018.12,431,백두 번째 구름,,323500,0.0%,323500,51,51,1,1,한국,한국,
2018.12,431,"가장 따뜻한 색, 블루",2014-01-16,331000,0.0%,408260900,51,53134,1,2,프랑스,프랑스,판씨네마(주)
2018.12,431,닭은 맨발이다,,244000,0.0%,244000,51,51,1,3,일본,일본,
2018.12,435,프랑코포니아,2016-06-16,375000,0.0%,30608400,50,4159,1,2,프랑스,"프랑스,독일,네덜란드",(주)영화사 안다미로
2018.12,435,개와 고양이,,253000,0.0%,293000,50,59,1,2,일본,일본,
2018.12,437,포르투갈해+리스본 재방문,,337000,0.0%,337000,49,49,1,2,포르투갈,포르투갈,
2018.12,438,맘마미아!2,2018-08-08,240000,0.0%,19607520003,48,2293884,1,2,미국,미국,유니버설픽쳐스인터내셔널 코리아(유)
2018.12,438,무녀도,,322200,0.0%,322200,48,48,1,1,한국,한국,
2018.12,438,생의 엘레지 - 로스트로포비치와 비쉬넵스카야,,338000,0.0%,1036000,48,167,1,2,러시아,러시아,
2018.12,441,라따뚜이,2007-07-25,406000,0.0%,6346577900,47,1025734,1,4,미국,미국,한국소니픽쳐스릴리징브에나비스타영화㈜
2018.12,441,영혼의 순례길,2018-05-24,309000,0.0%,14868200,47,1906,1,7,중국,중국,(주)영화사오원
2018.12,441,낮은 목소리 3 : 숨결,2000-03-18,325500,0.0%,1211500,47,185,1,2,한국,한국,
2018.12,441,금발 소녀의 기벽,,314000,0.0%,1012000,47,163,1,2,포르투갈,"포르투갈,스페인,프랑스",
2018.12,445,걸어도 걸어도,2009-06-18,272000,0.0%,255191600,46,34498,1,3,일본,일본,(주)영화사 진진
2018.12,445,헤이트풀8,2016-01-07,440000,0.0%,1005287900,46,121446,1,3,미국,미국,(주)누리픽쳐스
2018.12,447,"힘의 한 세기+영화, 마누엘 드 올리베이라, 그리고 나",,290000,0.0%,290000,45,45,1,2,포르투갈,포르투갈,
2018.12,447,메멘토,2001-08-24,405000,0.0%,135138300,45,17330,1,2,미국,미국,"(주)디스테이션,(주)팝엔터테인먼트"
2018.12,447,작은 여우들,,228000,0.0%,801000,45,180,1,3,미국,미국,
2018.12,447,할다 강,,225000,0.0%,280000,45,56,1,1,기타,기타,
2018.12,451,필름스타 인 리버풀,2018-10-25,362000,0.0%,77063350,44,9192,1,6,영국,영국,그린나래미디어(주)
2018.12,451,"춘천, 춘천",2018-09-26,351000,0.0%,10179900,44,1506,1,1,한국,한국,무브먼트
2018.12,453,스타박'스 다방,2018-01-11,301000,0.0%,13521000,43,1929,1,43,한국,한국,(주)드림팩트엔터테인먼트
2018.12,453,보와니의 분기점,,86000,0.0%,2372000,43,970,1,1,미국,미국,
2018.12,453,여곡성,2018-11-08,261600,0.0%,594373400,43,67368,3,3,한국,한국,(주)스마일이엔티
2018.12,456,원 네이션,2019-03-21,349000,0.0%,3965000,42,459,1,2,프랑스,프랑스,플레이리스트(주)
2018.12,456,리오 브라보,,277000,0.0%,23596000,42,9706,1,2,미국,미국,
2018.12,456,소셜포비아,2015-03-12,420000,0.0%,1979811063,42,251645,1,1,한국,한국,CGV아트하우스
2018.12,456,잃어버린 전주곡,,204000,0.0%,204000,42,42,1,1,미국,미국,
2018.12,460,마지막 휴가,,202000,0.0%,202000,41,41,1,3,프랑스,프랑스,
2018.12,460,언더 더 트리,2018-11-08,372600,0.0%,8174300,41,1138,1,5,아이슬란드,아이슬란드,이언픽쳐스
2018.12,460,해는 또다시 뜬다,,82000,0.0%,6709000,41,3338,1,1,미국,미국,
2018.12,463,로맨스그레이,,80000,0.0%,2310000,40,1155,1,8,한국,한국,
2018.12,463,전화의 저편,,192000,0.0%,726000,40,123,1,3,이탈리아,이탈리아,
2018.12,463,파업전야,1990-03-28,268500,0.0%,448500,40,70,1,2,한국,한국,(주)리틀빅픽쳐스
2018.12,466,미니특공대X,2018-03-22,236000,0.0%,746262200,39,100164,1,6,한국,한국,(주)삼지애니메이션
2018.12,466,500일의 썸머,2010-01-21,360000,0.0%,2289399400,39,288517,1,1,미국,미국,"(주)팝엔터테인먼트,이십세기폭스코리아(주)"
2018.12,466,매디슨 카운티의 다리,1995-09-23,200000,0.0%,78072022,39,13425,1,1,미국,미국,(주)영화사오원
2018.12,466,새벽,,182000,0.0%,182000,39,39,1,3,프랑스,프랑스,
2018.12,470,남의 섹스를 비웃지마,,184000,0.0%,450000,38,93,1,1,일본,일본,
2018.12,470,몽상가,,190000,0.0%,195000,38,39,1,1,기타,기타,
2018.12,472,희망의 나날,,178000,0.0%,178000,37,37,1,3,스페인,"스페인,프랑스",
2018.12,472,원스,2007-09-20,333000,0.0%,1889078000,37,270973,1,3,아일랜드,아일랜드,"(주)제이앤씨미디어그룹,(주)영화사 진진"
2018.12,472,하우스 오브 스피리트,1993-12-24,111000,0.0%,111000,37,37,1,1,독일,독일,
2018.12,475,12월 단편 상상극장-2018 단편 명불허전,,288000,0.0%,288000,36,36,1,4,한국,한국,
2018.12,475,황야의 스트렌저,1977-04-29,72000,0.0%,785000,36,234,1,1,미국,미국,
2018.12,475,SIFF2018-특별단편 3,,238000,0.0%,413000,36,61,1,1,한국,한국,
2018.12,478,데스트랩,2018-12-06,223500,0.0%,223500,35,35,1,8,한국,한국,블리트필름
2018.12,478,맨하탄,,182000,0.0%,182000,35,35,1,1,미국,미국,
2018.12,480,공장에는 아무것도 없다,,232000,0.0%,232000,34,34,1,2,포르투갈,포르투갈,
2018.12,480,건양강호: 운뢰검법의 비밀,2018-12-13,34000,0.0%,34000,34,34,5,34,중국,중국,레이크엔터테인먼트
2018.12,480,경치 좋은 자리,,239000,0.0%,645300,34,97,1,2,한국,한국,
2018.12,480,입맞춤,,166000,0.0%,202000,34,46,1,2,일본,일본,
2018.12,480,파수꾼,2011-03-03,136000,0.0%,204385400,34,26020,1,1,한국,한국,필라멘트픽쳐스
2018.12,485,그의 연인 프라이데이,,214000,0.0%,260000,33,56,1,1,미국,미국,
2018.12,485,힘의 한 세기+금발 소녀의 기벽,,229000,0.0%,229000,33,33,1,1,포르투갈,포르투갈,
2018.12,485,제인 에어,,66000,0.0%,8872000,33,4175,1,1,미국,미국,
2018.12,485,심플 라이프,2012-11-22,210000,0.0%,86198500,33,11585,1,16,홍콩,홍콩,(주)미로비젼
2018.12,485,밤빛,,224000,0.0%,280000,33,41,1,2,한국,한국,
2018.12,490,강,,150000,0.0%,150000,32,32,1,3,프랑스,"프랑스,미국,영국,인도",
2018.12,490,SIFF2018-특별단편 1,,218000,0.0%,680000,32,98,1,1,한국,한국,
2018.12,492,졸업,2019-11-07,197000,0.0%,829000,31,153,1,3,한국,한국,(주)시네마달
2018.12,492,유토피아,,212000,0.0%,212000,31,31,1,2,일본,일본,
2018.12,492,죽어야 사는 여자,1992-11-28,160000,0.0%,160000,31,31,1,1,미국,미국,
2018.12,492,나무없는 산,2009-08-27,62000,0.0%,57296500,31,8675,1,3,한국,한국,씨제이엔터테인먼트
2018.12,492,디어헌터,1979-03-03,143000,0.0%,2291000,31,425,1,1,미국,미국,
2018.12,497,향항의 밤,,60000,0.0%,592000,30,224,1,1,미국,미국,
2018.12,497,"노, 플라멩코 이야기",,229000,0.0%,229000,30,30,1,1,스페인,스페인,
2018.12,497,7인의 무뢰한,,142000,0.0%,932000,30,159,1,2,미국,미국,
2018.12,497,연인처럼 숨을 멈춰,,152000,0.0%,220000,30,44,1,2,일본,일본,
2018.12,497,내 사랑,2017-07-12,266000,0.0%,2465880125,30,337202,1,2,아일랜드,"아일랜드,캐나다",오드
2018.12,497,폭풍의 질주,1990-08-11,60000,0.0%,95000,30,37,1,1,미국,미국,
2018.12,503,8월의 크리스마스(일본판),2007-03-08,89500,0.0%,478500,29,86,1,1,일본,일본,(주)코랄픽쳐스
2018.12,504,율리시즈의 시선,1996-10-19,128000,0.0%,1548000,28,236,1,1,그리스,"그리스,프랑스,이탈리아,독일,영국,유고슬라비아",
2018.12,504,벽 속에 숨은 마법시계,2018-10-31,140000,0.0%,1654715300,28,215029,1,1,미국,미국,CGV아트하우스
2018.12,506,미드나잇 카우보이,1975-10-20,134000,0.0%,134000,27,27,1,1,미국,미국,
2018.12,506,피스메이커,1997-11-08,54000,0.0%,274000,27,137,1,1,미국,미국,
2018.12,506,낮은 목소리 2,1997-08-22,187500,0.0%,710500,27,116,1,2,한국,한국,
2018.12,509,12월 수요단편극장-로맨스를 원해?!,,205000,0.0%,205000,26,26,1,1,한국,한국,
2018.12,509,썸머타임,,52000,0.0%,12733000,26,5921,1,1,영국,"영국,미국",
2018.12,509,샤레이드,,52000,0.0%,5708000,26,2900,1,1,,,
2018.12,509,오쉬르,,193000,0.0%,193000,26,26,1,1,아이슬란드,아이슬란드,
2018.12,513,류이치 사카모토: 코다,2018-06-14,179000,0.0%,122844400,25,14303,2,3,일본,일본,주식회사 씨네룩스
2018.12,513,철의 심장을 가진 남자,2018-11-08,212200,0.0%,26378450,25,3543,2,8,미국,미국,아이 엠
2018.12,513,무서운 부모들,,132000,0.0%,132000,25,25,1,2,프랑스,프랑스,
2018.12,516,당갈,2018-04-25,181000,0.0%,906597500,24,109465,5,15,인도,인도,(주)넥스트엔터테인먼트월드(NEW)
2018.12,516,미스터 앤 미스터 대디,2018-11-22,219000,0.0%,4086800,24,505,1,4,미국,미국,(주)라이크 콘텐츠
2018.12,516,리오 로보,,48000,0.0%,166000,24,72,1,1,,,
2018.12,516,러브 어페어,1995-03-11,48000,0.0%,434000,24,164,1,1,미국,미국,
2018.12,520,[작은영화영화제]인디애니페스트 2018 초대전,,23000,0.0%,23000,23,23,1,1,한국,한국,
2018.12,520,두 번째 겨울,2018-12-27,132800,0.0%,132800,23,23,3,12,한국,한국,(주)미로스페이스
2018.12,520,대탈주,,46000,0.0%,1459000,23,698,1,1,미국,미국,
2018.12,520,사랑의 변주곡,,101000,0.0%,3097000,23,1109,1,2,프랑스,"프랑스,이탈리아",
2018.12,524,바쟁,,108000,0.0%,108000,22,22,1,1,프랑스,프랑스,
2018.12,524,언러브드,2006-05-24,109000,0.0%,18739000,22,2766,1,1,일본,일본,(주)이모션픽처스
2018.12,524,"동물, 원",2019-09-05,154000,0.0%,497500,22,74,1,2,한국,한국,(주)시네마달
2018.12,527,바이킹 데스티니,2018-12-20,32000,0.0%,32000,21,21,5,21,영국,영국,주식회사 풍경소리
2018.12,527,파르비크,,96000,0.0%,96000,21,21,1,3,프랑스,프랑스,
2018.12,527,더 트리,,145000,0.0%,145000,21,21,1,2,포르투갈,"포르투갈,기타",
2018.12,527,몽 루아,2016-05-26,202000,0.0%,44059112,21,5984,1,2,프랑스,프랑스,메가박스중앙(주)플러스엠
2018.12,527,스카페이스,,129000,0.0%,4421000,21,2147,1,1,미국,미국,
2018.12,527,시에라 마드레의 보물,,42000,0.0%,10850000,21,4921,1,1,미국,미국,
2018.12,527,하나가 되는 것은 더욱 커지는 일이다,,131400,0.0%,131400,21,21,1,2,한국,한국,시네마달
2018.12,527,스페이스 치킨: 마법 부적의 비밀,2018-10-25,138500,0.0%,124899500,21,18169,1,2,미국,미국,(주)박수엔터테인먼트
2018.12,535,영화를 보다가 생각한 것들,,139000,0.0%,139000,20,20,1,1,기타,기타,
2018.12,535,룸싸롱 맛있는 서비스 무삭제,2018-11-13,110000,0.0%,115000,20,21,20,20,한국,한국,(주)영화사가을
2018.12,535,밀애 : 착한 형수,2018-12-27,105000,0.0%,105000,20,20,20,20,한국,한국,(주)영화사가을
2018.12,535,"울지마, 톤즈",2010-09-09,61500,0.0%,2529955500,20,444357,1,1,한국,한국,주식회사 마운틴픽쳐스
2018.12,535,리틀보이 12725,,140000,0.0%,212000,20,32,1,2,한국,한국,
2018.12,535,주홍글씨,2004-10-29,40000,0.0%,6649584000,20,1030515,1,1,한국,한국,(주)쇼박스
2018.12,541,작디작은 하나의 물체,,132000,0.0%,132000,19,19,1,2,대만,"대만,네덜란드,크로아티아",
2018.12,541,영화로운 세계(인디스데이),,19000,0.0%,19000,19,19,1,2,한국,한국,
2018.12,541,인디포럼 월례비행 12월 단편선 : 연약한 마음의 힘,,133000,0.0%,133000,19,19,1,1,한국,한국,
2018.12,541,터닝메카드W: 블랙미러의 부활,2017-01-18,114000,0.0%,3216064500,19,430013,1,4,한국,한국,씨네그루(주)키다리이엔티
2018.12,541,진짜로 일어날지도 몰라 기적,2011-12-22,110000,0.0%,339414400,19,43711,1,2,일본,일본,(주)미로비젼
2018.12,541,빨간 마후라,,38000,0.0%,15269000,19,7454,1,9,한국,한국,
2018.12,541,바닷마을 다이어리,2015-12-17,114000,0.0%,843449384,19,103071,1,2,일본,일본,(주)티캐스트
2018.12,541,야광,,127000,0.0%,316000,19,46,1,1,한국,한국,
2018.12,549,정육점 견습생,,133000,0.0%,133000,18,18,1,1,프랑스,프랑스,
2018.12,549,아이 엠 러브,2011-01-20,126000,0.0%,438546406,18,55517,1,1,이탈리아,이탈리아,"(주)영화사 진진,(주)영화사 조제"
2018.12,549,파워배틀 와치카: 와치가면의 역습,2017-06-01,108000,0.0%,166933500,18,23675,1,2,한국,한국,(주)삼지애니메이션
2018.12,549,브라바도스,,36000,0.0%,8622000,18,4486,1,1,미국,미국,
2018.12,549,한여름의 판타지아,2015-06-11,90000,0.0%,286483458,18,36891,1,2,한국,"한국,일본",㈜인디스토리
2018.12,554,욕망이라는 이름의 전차,,34000,0.0%,23172500,17,9870,1,1,미국,미국,
2018.12,554,러브 액츄얼리,2003-12-05,94000,0.0%,2144723708,17,307320,1,1,미국,"미국,영국","와이드 릴리즈(주),(주)제이앤씨미디어그룹,UIP코리아,(유)조이앤시네마"
2018.12,554,파비안느,1979-12-21,34000,0.0%,527000,17,205,1,1,프랑스,"프랑스,스페인,이탈리아",
2018.12,557,챔프,1979-09-08,84000,0.0%,5262000,16,2551,1,1,미국,미국,
2018.12,558,대구독립영화 연말정산 2018_신작전,,104000,0.0%,104000,15,15,1,1,한국,한국,
2018.12,558,오두막,2017-04-20,47000,0.0%,591753000,15,77083,1,1,미국,미국,판씨네마(주)
2018.12,558,원더풀 라이프,2001-12-09,84000,0.0%,180796600,15,21912,1,2,일본,일본,"(주)영화사 안다미로,(주)라이크 콘텐츠,㈜영화사 백두대간"
2018.12,558,업사이드 다운,,103000,0.0%,103000,15,15,1,2,포르투갈,포르투갈,
2018.12,562,만타 레이,,94000,0.0%,185000,14,27,1,1,태국,"태국,프랑스,중국",
2018.12,562,갈릴레오의 온도계,,96000,0.0%,96000,14,14,1,2,포르투갈,포르투갈,
2018.12,562,볼리 바나,,102000,0.0%,102000,14,14,1,1,벨기에,벨기에,
2018.12,562,"안녕, 미누",,90000,0.0%,90000,14,14,1,2,한국,한국,
2018.12,562,환상의 빛,2016-07-07,84000,0.0%,155257500,14,19532,1,2,일본,일본,주식회사 씨네룩스
2018.12,562,세 번째 살인,2017-12-14,80000,0.0%,288165000,14,35373,1,2,일본,일본,(주)티캐스트
2018.12,562,청설,2010-06-17,125000,0.0%,181421000,14,23509,1,4,대만,대만,"오드,(주)스폰지이엔티"
2018.12,562,그렇게 아버지가 된다,2013-12-19,84000,0.0%,966142562,14,126949,1,2,일본,일본,(주)티캐스트콘텐츠허브
2018.12,562,신이 보낸 사람,2014-02-13,42500,0.0%,3069311100,14,424792,1,1,한국,한국,"주식회사 마운틴픽쳐스,(주)마인스 엔터테인먼트"
2018.12,562,홈,2018-05-30,44000,0.0%,59638222,14,8257,1,1,한국,한국,(주)리틀빅픽쳐스
2018.12,562,말할 수 없는 비밀,2008-01-10,126000,0.0%,1163297150,14,164274,1,1,대만,"대만,홍콩","(주)엔케이컨텐츠,(주)디스테이션,(주)스폰지이엔티"
2018.12,573,아마상,,89000,0.0%,89000,13,13,1,1,포르투갈,"포르투갈,일본,스위스",
2018.12,573,겨울 이야기,,91000,0.0%,6043000,13,932,1,1,프랑스,프랑스,
2018.12,573,영웅본색,1987-05-23,130000,0.0%,102355000,13,14745,1,1,홍콩,홍콩,(유)조이앤시네마
2018.12,576,걷기 좋은 날,2018-10-12,38500,0.0%,153500,12,43,1,3,한국,한국,(주)웃기씨네
2018.12,576,환토: 상상의 땅,,84000,0.0%,119000,12,17,1,1,싱가포르,싱가포르,
2018.12,578,미치광이 피에로,,69000,0.0%,5206000,11,702,1,2,프랑스,"프랑스,이탈리아",
2018.12,578,송환,2004-03-19,73000,0.0%,15595800,11,2615,1,1,한국,한국,㈜인디스토리
2018.12,578,통행증,,33000,0.0%,33000,11,11,1,1,프랑스,프랑스,
2018.12,581,메이트,2019-01-17,46000,0.0%,46000,10,10,1,1,한국,한국,(주)콘텐츠 난다긴다
2018.12,581,대구독립영화 연말정산 2018_시작한 자가 구하라,,70000,0.0%,70000,10,10,1,1,한국,한국,
2018.12,581,축제일,,63000,0.0%,2968500,10,478,1,2,프랑스,프랑스,
2018.12,581,잔다르크의 수난,,67000,0.0%,2763000,10,1185,1,2,프랑스,프랑스,
2018.12,581,나미야 잡화점의 기적: 또 하나의 이야기,2018-11-08,74000,0.0%,16005350,10,2092,1,4,중국,중국,윤스
2018.12,586,그라운드의 이방인,2015-03-19,45000,0.0%,26222000,9,4017,1,2,한국,한국,㈜인디스토리
2018.12,586,가을 햇살,,63000,0.0%,4228000,9,667,1,2,일본,일본,
2018.12,588,대구독립영화 연말정산 2018_애플시네마,,56000,0.0%,56000,8,8,1,1,한국,한국,
2018.12,588,랑글루아 박물관 산책,,50000,0.0%,50000,8,8,1,1,프랑스,프랑스,
2018.12,588,공작,2018-08-08,160000,0.0%,42788851176,8,4974520,1,1,한국,한국,씨제이이앤엠(주)
2018.12,588,야생 갈대,,42000,0.0%,816000,8,153,1,1,프랑스,프랑스,
2018.12,588,태풍이 지나가고,2016-07-27,46000,0.0%,776176972,8,93468,1,2,일본,일본,(주)티캐스트
2018.12,588,뷰티풀 뱀파이어,2018-10-08,25500,0.0%,246500,8,70,1,1,한국,한국,씨네그루(주)키다리이엔티
2018.12,594,경계도시 2,2010-03-18,47000,0.0%,66846300,7,9455,1,2,한국,한국,시네마달
2018.12,594,품행제로,2004-03-27,45000,0.0%,1199000,7,207,1,2,프랑스,프랑스,
2018.12,594,호랑이보다 무서운 겨울손님,2018-04-12,22000,0.0%,71743900,7,8932,1,1,한국,한국,"그린나래미디어(주),무브먼트"
2018.12,594,앙리 랑글루아의 유령,,43000,0.0%,1373000,7,203,1,1,프랑스,프랑스,
2018.12,594,미드나잇 인 파리,2012-07-05,21000,0.0%,2788213517,7,376538,1,1,미국,"미국,스페인","(주)디스테이션,(주)드림팩트엔터테인먼트,(주)나이너스엔터테인먼트"
2018.12,599,엘리스의 50가지 그림자,2018-12-17,12000,0.0%,12000,6,6,1,1,영국,영국,SK 브로드밴드
2018.12,599,파리는 우리의 것,,39000,0.0%,651000,6,100,1,2,프랑스,프랑스,
2018.12,599,파닥파닥,2012-07-25,30000,0.0%,88303900,6,13436,1,2,한국,한국,"씨제이이앤엠(주),㈜인디스토리"
2018.12,599,밤비 내리는 목소리,,28000,0.0%,407000,6,91,1,1,일본,일본,
2018.12,603,"힘내세요, 병헌씨",2013-06-27,25000,0.0%,27169600,5,3748,1,2,한국,한국,㈜인디스토리
2018.12,603,쥴 앤 짐,1997-01-04,35000,0.0%,18460000,5,3024,1,1,프랑스,프랑스,㈜영화사 백두대간
2018.12,603,수성못,2018-04-19,33000,0.0%,28338900,5,3806,1,2,한국,한국,㈜인디스토리
2018.12,606,플로이,2018-08-15,26000,0.0%,334782300,4,44907,1,3,아이슬란드,"아이슬란드,벨기에",(주)스마일이엔티
2018.12,606,Media art work screening 12월,,16000,0.0%,16000,4,4,1,1,한국,한국,
2018.12,606,더 리프트,2018-12-12,25000,0.0%,25000,4,4,1,2,기타,기타,(주)모인그룹
2018.12,606,어른도감,2018-08-23,12500,0.0%,53139700,4,6956,1,2,한국,한국,(주)영화사 진진
2018.12,606,그림자들의 섬,2016-08-25,28000,0.0%,31186800,4,4552,1,1,한국,한국,(주)시네마달
2018.12,606,명령불복종 교사,2015-05-14,28000,0.0%,12011200,4,1831,1,1,한국,한국,(주)인디플러그
2018.12,612,열녀문,,6000,0.0%,8936000,3,4217,1,3,한국,한국,
2018.12,613,달밤체조 2015,2018-04-24,18000,0.0%,5070000,2,685,1,1,한국,한국,달밤체조(주)
2018.12,613,파워배틀 와치카 미니카 배틀리그: 불꽃의 질주,2016-08-17,12000,0.0%,270557320,2,35668,1,1,한국,한국,(주)삼지애니메이션
2018.12,613,"12월 SIDOF 발견과 주목 [광장의 촛불, 그 후]",,14000,0.0%,14000,2,2,1,1,한국,한국,
2018.12,613,강한 칼: 도도견혈,2018-12-09,2000,0.0%,2000,2,2,1,2,중국,중국,(주)케이알씨지
2018.12,613,리튼,2008-12-26,7000,0.0%,2277500,2,367,1,1,한국,한국,㈜인디스토리
2018.12,613,사랑해! 진영아,2013-11-07,10000,0.0%,34775000,2,4949,1,1,한국,한국,"㈜인디스토리,(주)인디플러그"
2018.12,619,길들여진 가정교사 쾌락일기,2018-12-07,2000,0.0%,2000,1,1,1,1,일본,일본,주식회사 미콘
2018.12,619,처형의 유혹,2018-12-20,2000,0.0%,2000,1,1,1,1,일본,일본,(주)레드언더미디어
2018.12,619,"젊은 새댁, 옆집 오빠의 맛",2018-12-07,2000,0.0%,2000,1,1,1,1,일본,일본,주식회사 미콘
2018.12,619,교회누나 무삭제판,2018-12-14,2000,0.0%,2000,1,1,1,1,한국,한국,(주)엔트리미디어
2018.12,619,바람난 아내들2,2018-12-11,5000,0.0%,5000,1,1,1,1,한국,한국,(주)케이피에이기획
2018.12,619,아내의 엄마들,2018-12-07,5000,0.0%,5000,1,1,1,1,한국,한국,(주)소나무픽쳐스
2018.12,619,두 엄마 2018 (감독판),2018-12-07,5000,0.0%,5000,1,1,1,1,한국,한국,(주)소나무픽쳐스
2018.12,619,내 사촌 여동생들 (감독판),2018-12-07,5000,0.0%,5000,1,1,1,1,한국,한국,(주)소나무픽쳐스
2018.12,619,하고 싶은 아내:내 아내와 해 주세요,2018-12-07,6000,0.0%,6000,1,1,1,1,일본,일본,(주)영진크리에이티브
2018.12,619,더 콜러,2018-12-06,1000,0.0%,1000,1,1,1,1,미국,미국,주식회사 레드아이스
2018.12,619,마린: 배틀 엔젤,2018-12-06,1000,0.0%,1000,1,1,1,1,미국,미국,주식회사 레드아이스
2018.12,619,친구엄마 2018 (무삭제),2018-12-18,5000,0.0%,5000,1,1,1,1,한국,한국,(주)소나무픽쳐스
2018.12,619,직장상사와 몰래 한 섹스,2018-12-07,6000,0.0%,6000,1,1,1,1,일본,일본,(주)영진크리에이티브
2018.12,619,다크 하트,2018-12-14,2000,0.0%,2000,1,1,1,1,미국,미국,(주)시네마리퍼블릭
2018.12,619,자매의은밀한스와핑,2018-12-21,5000,0.0%,5000,1,1,1,1,한국,한국,스마일컨텐츠
2018.12,619,유흥1번가,2018-12-21,5000,0.0%,5000,1,1,1,1,일본,일본,(주)에스와이미디어
2018.12,619,이벤트우먼,2018-12-21,5000,0.0%,5000,1,1,1,1,일본,일본,(주)에스와이미디어
2018.12,619,옆집소녀2-무삭제,2018-12-14,5000,0.0%,5000,1,1,1,1,한국,한국,스마일컨텐츠
2018.12,619,하숙집 여주인의 목적-무삭제판,2018-12-26,1000,0.0%,1000,1,1,1,1,한국,한국,(주)케이알씨지
2018.12,619,악마의 속삭임,2018-12-13,1000,0.0%,1000,1,1,1,1,미국,미국,주식회사 레드아이스
2018.12,619,지뢰,2018-12-17,1000,0.0%,1000,1,1,1,1,미국,미국,주식회사 레드아이스
2018.12,619,에일리언 침공,2018-12-17,1000,0.0%,1000,1,1,1,1,미국,미국,주식회사 레드아이스
2018.12,619,파란문 너머의 환상세계,2018-12-17,1000,0.0%,1000,1,1,1,1,미국,미국,주식회사 레드아이스
2018.12,619,인시디어스: 더 하우스,2018-12-17,1000,0.0%,1000,1,1,1,1,미국,미국,주식회사 레드아이스
2018.12,619,음란 병동:남편몰래 특별진료,2018-12-14,6000,0.0%,6000,1,1,1,1,일본,일본,(주)영진크리에이티브
2018.12,619,과부:애타는 몸,2018-12-14,6000,0.0%,6000,1,1,1,1,일본,일본,(주)영진크리에이티브
2018.12,619,젊은 처제들 (감독판),2018-12-18,5000,0.0%,5000,1,1,1,1,한국,한국,(주)소나무픽쳐스
2018.12,619,어린 새엄마들,2018-12-18,5000,0.0%,5000,1,1,1,1,한국,한국,(주)소나무픽쳐스
2018.12,619,하이재킹: 비상착륙,2018-12-18,5000,0.0%,5000,1,1,1,1,중국,중국,(주)소나무픽쳐스
2018.12,619,엄마친구의맛,2018-12-28,5000,0.0%,5000,1,1,1,1,한국,한국,스마일컨텐츠
2018.12,619,아내의 욕정을 풀어준 편집장,2018-12-21,2000,0.0%,2000,1,1,1,1,일본,일본,(주)레드언더미디어
2018.12,619,드래곤 블레이드: 천장웅사,2018-12-20,1000,0.0%,1000,1,1,1,1,홍콩,홍콩,(주)케이알씨지
2018.12,619,누구라도 좋으니 넣어줘요,2018-12-20,6000,0.0%,6000,1,1,1,1,일본,일본,(주)영진크리에이티브
2018.12,619,헤픈 여자:섹파 구해요,2018-12-20,6000,0.0%,6000,1,1,1,1,일본,일본,(주)영진크리에이티브
2018.12,619,구멍:촉촉히 준비된 여자들,2018-12-20,6000,0.0%,6000,1,1,1,1,일본,일본,(주)영진크리에이티브
2018.12,619,의남매,2018-12-20,6000,0.0%,6000,1,1,1,1,일본,일본,(주)영진크리에이티브
2018.12,619,정사:상사의 아내,2018-12-20,6000,0.0%,6000,1,1,1,1,일본,일본,(주)영진크리에이티브
2018.12,619,아내의 나쁜 섹스 무삭제판,2018-12-20,6000,0.0%,6000,1,1,1,1,일본,일본,(주)영진크리에이티브
2018.12,619,유부녀들:반항 후 신음,2018-12-20,6000,0.0%,6000,1,1,1,1,일본,일본,(주)영진크리에이티브
2018.12,619,젖은 가랑이:노인이 좋아요,2018-12-20,6000,0.0%,6000,1,1,1,1,일본,일본,(주)영진크리에이티브
2018.12,619,어린 신부 능욕기,2018-12-22,6000,0.0%,6000,1,1,1,1,일본,일본,(주)영진크리에이티브
2018.12,619,터져버린 변태 부인,2018-12-22,6000,0.0%,6000,1,1,1,1,일본,일본,(주)영진크리에이티브
2018.12,619,내 착한 새엄마,2018-12-26,5000,0.0%,5000,1,1,1,1,한국,한국,(주)소나무픽쳐스
2018.12,619,장모님들 (감독판),2018-12-26,5000,0.0%,5000,1,1,1,1,한국,한국,(주)소나무픽쳐스
2018.12,619,젊은 형수님들 (감독판),2018-12-26,5000,0.0%,5000,1,1,1,1,한국,한국,(주)소나무픽쳐스
2018.12,619,음란부인:아내의 내조,2018-12-28,6000,0.0%,6000,1,1,1,1,일본,일본,(주)영진크리에이티브
2018.12,619,몽정기:꿈꿔오던 금단의 섹스,2018-12-31,6000,0.0%,6000,1,1,1,1,일본,일본,(주)영진크리에이티브
2018.12,619,남자를 원하는 음란 유부녀들,2018-12-31,6000,0.0%,6000,1,1,1,1,일본,일본,(주)영진크리에이티브
2018.12,619,피치포크 살인사건,2018-12-31,1000,0.0%,1000,1,1,1,1,미국,미국,주식회사 레드아이스
2018.12,619,악령의 캠핑카,2018-12-27,5000,0.0%,5000,1,1,1,1,미국,미국,라온아이(주)
2018.12,619,크리스마스의 황당한 악몽,2018-12-06,5000,0.0%,5000,1,1,1,1,미국,미국,라온아이(주)
2018.12,619,비룡맹장,1988-04-30,1000,0.0%,4000,1,2,1,1,홍콩,홍콩,
2018.12,619,우묵배미의 사랑,1990-03-31,10000,0.0%,9223650,1,2412,1,1,한국,한국,(주)드림팩트엔터테인먼트
2018.12,619,코난: 암흑의 시대,2012-04-05,1000,0.0%,260492000,1,33684,1,1,미국,미국,씨제이이앤엠(주)
2018.12,619,밀양 아리랑,2015-07-16,7000,0.0%,18248000,1,3045,1,1,한국,한국,(주)시네마달
2018.12,619,헤라클레스 : 레전드 비긴즈,2014-04-10,1000,0.0%,1662358151,1,221341,1,1,미국,미국,(주)넥스트엔터테인먼트월드(NEW)
2018.12,619,판타스틱 우먼,2018-04-19,9000,0.0%,61284100,1,7473,1,1,칠레,칠레,아이 엠
2018.12,619,엘 마르,2018-10-25,7000,0.0%,9197000,1,1151,1,1,콜롬비아,콜롬비아,(주)영화사 그램
2018.12,619,저주의 산뗏,2018-12-06,5000,0.0%,5000,1,1,1,1,인도네시아,인도네시아,라온아이(주)
2018.12,619,메가 샤크 어택,2018-11-04,1000,0.0%,2000,1,2,1,1,미국,미국,(주)케이알씨지
2018.12,619,목욕하는 금단정사,2018-12-03,6000,0.0%,6000,1,1,1,1,일본,일본,(주)도키엔터테인먼트
2018.12,619,새엄마의 변태성향,2018-12-03,6000,0.0%,6000,1,1,1,1,일본,일본,(주)도키엔터테인먼트
2018.12,619,부하직원의 어린아내,2018-12-03,6000,0.0%,6000,1,1,1,1,일본,일본,(주)도키엔터테인먼트
2018.12,619,뜨거운 부장님의 아내,2018-12-07,6000,0.0%,6000,1,1,1,1,일본,일본,(주)도키엔터테인먼트
2018.12,619,친구 아내는 야한 가정교사,2018-12-07,6000,0.0%,6000,1,1,1,1,일본,일본,(주)도키엔터테인먼트
2018.12,619,이성을 미치게하는 숙모님,2018-12-07,6000,0.0%,6000,1,1,1,1,일본,일본,(주)도키엔터테인먼트
2018.12,619,아게하의 나체공연,2018-12-07,6000,0.0%,6000,1,1,1,1,일본,일본,(주)도키엔터테인먼트
2018.12,619,새엄마는 현역 여대생,2018-12-14,6000,0.0%,6000,1,1,1,1,일본,일본,(주)도키엔터테인먼트
2018.12,619,아내의 미인 엄마,2018-12-03,6000,0.0%,6000,1,1,1,1,일본,일본,(주)도키엔터테인먼트
2018.12,619,음란한 미용사들,2018-12-03,6000,0.0%,6000,1,1,1,1,일본,일본,(주)도키엔터테인먼트
2018.12,619,대실금-젖은팬티,2018-12-03,6000,0.0%,6000,1,1,1,1,일본,일본,(주)도키엔터테인먼트
2018.12,619,정말 이쁜 새엄마,2018-12-03,6000,0.0%,6000,1,1,1,1,일본,일본,(주)도키엔터테인먼트
2018.12,619,돈없는 형수의 속옷장사,2018-12-03,6000,0.0%,6000,1,1,1,1,일본,일본,(주)도키엔터테인먼트
2018.12,619,핫팬티의 어린숙모님,2018-12-03,6000,0.0%,6000,1,1,1,1,일본,일본,(주)도키엔터테인먼트
2018.12,619,기모노 신인 여가수의 접대,2018-12-03,6000,0.0%,6000,1,1,1,1,일본,일본,(주)도키엔터테인먼트
2018.12,619,너무 뜨거운 새엄마,2018-12-07,6000,0.0%,6000,1,1,1,1,일본,일본,(주)도키엔터테인먼트
2018.12,619,미용사 몰카 성공,2018-12-07,6000,0.0%,6000,1,1,1,1,일본,일본,(주)도키엔터테인먼트
2018.12,619,초흥분 육체간호,2018-12-07,6000,0.0%,6000,1,1,1,1,일본,일본,(주)도키엔터테인먼트
2018.12,619,언니의 애인은 내 첫사랑,2018-12-07,6000,0.0%,6000,1,1,1,1,일본,일본,(주)도키엔터테인먼트
2018.12,619,며느리의 뜨거운 배꼽,2018-12-07,6000,0.0%,6000,1,1,1,1,일본,일본,(주)도키엔터테인먼트
2018.12,619,부도덕한 친구엄마,2018-12-07,6000,0.0%,6000,1,1,1,1,일본,일본,(주)도키엔터테인먼트
2018.12,619,아내의 섹시한 직장동료,2018-12-14,6000,0.0%,6000,1,1,1,1,일본,일본,(주)도키엔터테인먼트
2018.12,619,이혼한 여자동창,2018-12-14,6000,0.0%,6000,1,1,1,1,일본,일본,(주)도키엔터테인먼트
2018.12,619,크리미널-무삭제 특별판,,1000,0.0%,1000,1,1,1,1,미국,미국,
2018.12,619,짱,2018-12-28,6000,0.0%,6000,1,1,1,1,한국,한국,(주)영화사 사계절
2018.12,619,매드 몰리,2018-12-14,1000,0.0%,1000,1,1,1,1,네덜란드,네덜란드,레이크엔터테인먼트
2018.12,619,애송이 섹스 : 누나가 다 가르쳐 줄게,2018-12-05,1000,0.0%,1000,1,1,1,1,일본,일본,(주)씨맥스커뮤니케이션즈
2018.12,619,섹스 시그널 : 옆집 총각과 일본 새댁,2018-12-12,1000,0.0%,1000,1,1,1,1,일본,일본,(주)씨맥스커뮤니케이션즈
2018.12,619,물좋은하숙집,,5000,0.0%,5000,1,1,1,1,한국,한국,
2018.12,619,착한여자친구,2018-12-10,5000,0.0%,5000,1,1,1,1,한국,한국,에이원 미디어
2018.12,619,레티나,2019-04-24,1000,0.0%,1000,1,1,1,1,미국,미국,제인앤유
2018.12,619,시아버지는 음란 마초,2018-12-10,6000,0.0%,6000,1,1,1,1,일본,일본,(주)영진크리에이티브
2018.12,619,배틀 트랩,,1000,0.0%,1000,1,1,1,1,네덜란드,네덜란드,
2018.12,619,시니스터 스쿼드,2018-12-16,1000,0.0%,1000,1,1,1,1,미국,미국,(주)케이알씨지
2018.12,619,로빈 후드 리벨리언,2018-12-25,1000,0.0%,1000,1,1,1,1,영국,영국,주식회사 풍경소리
2018.12,619,카운트다운: 쇼크웨이브,2018-12-19,1000,0.0%,1000,1,1,1,1,미국,미국,주식회사 풍경소리
2018.12,619,내 처제가 된 첫사랑,2018-12-20,6000,0.0%,6000,1,1,1,1,한국,한국,(주)영화사가을
2018.12,619,정사 2018,2018-12-13,6000,0.0%,6000,1,1,1,1,한국,한국,(주)영화사가을
2018.12,619,인퀴지터: 엘도라도의 저주,2018-12-04,1000,0.0%,1000,1,1,1,1,미국,미국,제인앤유
2018.12,619,크리미널 체이스,2018-12-04,1000,0.0%,1000,1,1,1,1,미국,미국,제인앤유
2018.12,619,데드 트리거,2018-12-14,1000,0.0%,1000,1,1,1,1,미국,미국,제인앤유
2018.12,619,우연한 정사,2018-12-09,1000,0.0%,1000,1,1,1,1,태국,태국,(유)조이앤시네마
2018.12,721,연산일기,1988-02-18,0,0.0%,0,0,0,1,1,한국,한국,
2018.12,721,로그북,,0,0.0%,0,0,0,1,1,한국,한국,
2018.12,721,왕의 남자,2005-12-29,0,0.0%,66016030400,0,10513781,1,1,한국,한국,(주)시네마서비스
2018.12,721,들국화는 피었는데,1974-12-07,0,0.0%,284000,0,44,1,2,한국,한국,
2018.12,721,길소뜸,1986-04-05,0,0.0%,11500000,0,5006,1,2,한국,한국,
2018.12,721,장군의 수염,,0,0.0%,0,0,0,1,2,한국,한국,
2018.12,721,악마가 너의 죽음을 알기전에,2009-05-14,0,0.0%,45057500,0,6133,1,1,미국,미국,"(유)영화사 화수분,(주)아펙스 엔터테인먼트"
2018.12,721,워낭소리,2009-01-15,0,0.0%,19076833900,0,2934795,1,1,한국,한국,㈜인디스토리
2018.12,721,아녜스 바르다 회고전,,0,0.0%,14420000,0,2617,1,1,프랑스,프랑스,
2018.12,721,진링의 13소녀,2013-11-14,0,0.0%,11982000,0,1654,1,1,중국,중국,(유)영화사 화수분
2018.12,721,호세마리아 신부의 길,2013-11-28,0,0.0%,14169000,0,2347,1,1,미국,"미국,아르헨티나,스페인",(유)영화사 화수분
2018.12,721,역린,2014-04-30,0,0.0%,29895031890,0,3849700,1,1,한국,한국,롯데쇼핑㈜롯데엔터테인먼트
2018.12,721,"님아, 그 강을 건너지 마오",2014-11-27,0,0.0%,37357555079,0,4802173,1,2,한국,한국,"CGV아트하우스,(주)대명문화공장"
2018.12,721,문정왕후,,0,0.0%,0,0,0,1,1,한국,한국,
2018.12,721,바라: 축복,2014-06-05,0,0.0%,10104000,0,1454,1,1,부탄,"부탄,미국",(유)영화사 화수분
2018.12,721,춘희막이,2015-09-30,0,0.0%,205606965,0,29543,1,2,한국,한국,"메가박스중앙(주)플러스엠,(주)엣나인필름"
2018.12,721,한밤의 아이들,2015-07-02,0,0.0%,8706500,0,1238,1,1,영국,"영국,캐나다",(주)나이너스엔터테인먼트
2018.12,721,일만명의 성자들,2016-04-21,0,0.0%,12247300,0,1950,1,1,미국,미국,THE 픽쳐스
2018.12,721,용순,2017-06-08,0,0.0%,98439200,0,13411,1,1,한국,한국,롯데쇼핑㈜롯데엔터테인먼트
2018.12,721,공동정범,2018-01-25,0,0.0%,85741300,0,11827,1,2,한국,한국,"(주)엣나인필름,(주)시네마달"
2018.12,721,다시 태어나도 우리,2017-09-27,0,0.0%,296347943,0,38324,1,2,한국,한국,(주)엣나인필름
2018.12,721,살아남은 아이,2018-08-30,0,0.0%,91158800,0,10969,1,1,한국,한국,"CGV아트하우스,(주)엣나인필름"
2018.12,721,길,2017-05-11,0,0.0%,77586600,0,17588,1,5,한국,한국,(주)더블앤조이픽쳐스
2018.12,721,당신의 부탁,2018-04-19,0,0.0%,206779428,0,25789,1,1,한국,한국,CGV아트하우스
2018.12,721,땐뽀걸즈,2017-09-27,0,0.0%,56222300,0,7089,1,2,한국,한국,KT&G 상상마당 영화사업팀 컴퍼니에스에스(주)
2018.12,721,백조의 호수,,0,0.0%,0,0,0,2,11,영국,영국,
2018.12,721,마틸다: 황제의 연인,2018-11-08,0,0.0%,20282650,0,2471,1,1,러시아,러시아,(주)영화사오원
2018.12,721,로테와 루이즈,,0,0.0%,0,0,0,1,1,독일,독일,
2018.12,721,휴대폰,,0,0.0%,0,0,0,2,4,중국,중국,
2018.12,721,알레포 함락,,0,0.0%,0,0,0,1,1,노르웨이,"노르웨이,덴마크,프랑스",
2018.12,721,타인의 침묵,,0,0.0%,0,0,0,1,1,스페인,"스페인,미국",
2018.12,721,즐거운 나의 집,,0,0.0%,0,0,0,1,1,일본,일본,
2018.12,721,자화상: 47km 너머의 스핑크스,,0,0.0%,0,0,0,1,1,중국,중국,
2018.12,721,싱크홀 가족,,0,0.0%,0,0,0,1,1,중국,중국,
2018.12,721,그루잠,,0,0.0%,0,0,0,1,1,한국,한국,
2018.12,721,나에게 표창장을 줘요,,0,0.0%,0,0,0,2,4,중국,중국,
