date,(주)넥스트엔터테인먼트월드(NEW),(주)쇼박스,(주)시너지하우스 (시너지),(주)시네마서비스,(주)싸이더스,(주)이수C&E,CGV아트하우스,UIP코리아,no record,㈜스튜디오이쩜영,롯데엔터테인먼트,메가박스중앙(주),소니픽처스,쇼이스트(주),씨제이이앤엠(주),에스케이텔레콤(주),워너브러더스코리아(주),월트디즈니컴퍼니코리아,유니버설픽쳐스인터내셔널 코리아(유),이십세기폭스코리아(주),주식회사 해리슨앤컴퍼니,판씨네마(주)
2004.01,0.0,67.84420855448018,0.0,148.70363718006286,0.0,0.0,0.0,91.3917525773196,0.0,0.0,0.0,0.0,90.6931330472103,69.69620253164557,119.09243208655693,0.0,106.79581358609795,0.0,0.0,68.38311688311688,0.0,0.0
2004.02,0.0,134.30066990673848,0.0,122.5193719929096,0.0,0.0,0.0,46.30004518752824,7.716666666666667,0.0,0.0,0.0,72.87043795620438,69.69620253164557,99.64610079355187,0.0,92.46024714385638,0.0,0.0,40.93251533742331,0.0,0.0
2004.03,0.0,111.56270301254698,0.0,92.94669702084232,0.0,51.93877551020408,0.0,40.011003117549976,8.514285714285714,0.0,0.0,0.0,56.75536062378168,29.665082471344704,84.11521504277498,0.0,93.82996125699526,0.0,0.0,35.03422459893048,0.0,0.0
2004.04,0.0,104.31700648148853,0.0,83.13621401832968,0.0,95.06704049844237,0.0,33.901772839087286,50.45652173913044,0.0,0.0,0.0,46.44657696873763,29.665082471344704,67.0433693320933,0.0,75.3260183138617,0.0,0.0,73.31570749941594,0.0,16.181818181818183
2004.05,0.0,92.31105054685791,0.0,78.22535527972657,0.0,86.34755280783102,0.0,39.342695815839,55.9,0.0,0.0,0.0,45.089303595812474,42.59762155652567,60.93539043565644,0.0,110.143654007794,0.0,0.0,69.97914228677635,0.0,17.1055900621118
2004.06,0.0,84.18969162233111,0.0,69.25133234962243,0.0,85.39138386506808,0.0,36.05388321212679,55.917307692307695,0.0,44.27341079972659,0.0,45.559449479691175,32.27537260468417,65.76024742624794,0.0,90.84820798514392,0.0,0.0,81.57715454054471,0.0,18.27570093457944
2004.07,0.0,85.30996157740601,0.0,67.56030186165101,0.0,84.93294283983033,0.0,36.05388321212679,44.98144104803494,0.0,41.93580367300504,0.0,69.64213921992055,52.75036685663584,65.57687927107061,0.0,93.48168019767031,0.0,0.0,78.33787970838397,0.0,18.27570093457944
2004.08,0.0,85.70571642075018,0.0,69.93162822782035,0.0,84.93294283983033,0.0,43.20487930590156,47.15720221606648,0.0,45.16183628318584,0.0,67.06338043890787,48.813807596032014,65.0242059866592,0.0,92.21523714945705,61.99714547864206,0.0,76.3133606252326,0.0,18.27570093457944
2004.09,0.0,81.00066782229659,0.0,70.88017852028231,0.0,84.93294283983033,0.0,41.611927099885314,42.89676687464549,0.0,43.608803827751196,0.0,66.36837490058527,57.085376680818094,62.46047440585356,0.0,88.30558552079587,61.599412836606604,0.0,70.29235793370822,0.0,18.27570093457944
2004.10,0.0,80.14968935579836,0.0,64.87544560795133,0.0,84.93294283983033,0.0,45.35942550007527,43.266576454668474,0.0,41.88910661797453,0.0,61.70364942631447,52.920042197141576,61.53789818437986,0.0,83.65321411309812,61.599412836606604,0.0,64.60962751059655,0.0,18.27570093457944
2004.11,0.0,75.09489930457778,0.0,60.70013221881093,0.0,84.93294283983033,0.0,43.09080458889255,47.558112773302646,0.0,41.88910661797453,0.0,54.69217066132737,51.54144041351058,60.23560941720703,0.0,79.99395187683822,61.599412836606604,0.0,63.41986332047448,0.0,17.75877192982456
2004.12,0.0,72.1287944122137,0.0,62.59008150508641,0.0,96.87432309259557,0.0,49.64683268157987,48.03433777154871,0.0,38.713724874371856,0.0,53.85213931721228,51.443766956235784,58.164451636633416,0.0,77.7116800467559,61.599412836606604,0.0,60.41103367088946,0.0,17.643478260869564
2005.01,0.0,69.57486670791133,0.0,66.31544684178813,0.0,82.0513243352953,0.0,48.412588997811774,49.02573653911276,0.0,47.885700604096066,0.0,54.90084555939806,51.44215328967199,57.04432933984076,0.0,72.49660502698733,61.58714574898785,0.0,59.30595305877143,0.0,17.643478260869564
2005.02,0.0,71.67293280018109,0.0,67.23692993459368,0.0,80.01171349619739,0.0,47.92440190960205,49.81276595744681,0.0,52.04413470257048,0.0,53.99327764477109,48.811182304303784,56.68860742726037,0.0,73.8093536779497,60.214586375740915,0.0,57.613395104095176,0.0,17.643478260869564
2005.03,0.0,67.5574764809841,0.0,66.12302714543162,0.0,79.93350589729188,0.0,45.47601274961179,47.97915407854985,0.0,50.69746838841311,0.0,52.49342805392872,45.079634867109036,56.87312305444941,0.0,68.99129114252247,48.56516737604969,0.0,55.31315271835013,0.0,17.643478260869564
2005.04,0.0,64.45401343611519,0.0,63.92040819666095,0.0,79.93350589729188,0.0,43.93905284453375,48.57630057803468,0.0,50.413512510602196,0.0,51.21369884885672,46.550664029699035,53.50849674681864,0.0,66.8424407251826,47.71414090217942,0.0,54.64837412569969,0.0,17.643478260869564
2005.05,0.0,63.98560294854916,0.0,62.64305828157313,0.0,79.93350589729188,0.0,42.440518347200495,47.613423517169615,0.0,50.10370162354201,0.0,48.89766842522616,46.67395702666613,52.244087041479034,0.0,65.51122326667087,44.85224225612575,0.0,54.88089801559284,0.0,16.90886075949367
2005.06,0.0,60.27709940215296,0.0,60.46679437433043,0.0,79.93350589729188,0.0,42.39638897141269,46.497207859358845,0.0,50.0840698721882,0.0,48.89220086528951,45.28800836697361,51.23865453848067,0.0,64.26375830317824,41.70039659166765,0.0,56.66861434311127,0.0,14.55511811023622
2005.07,0.0,58.72001385380963,0.0,59.25818436524551,0.0,79.93350589729188,0.0,52.19783405966628,45.45442536327609,0.0,50.07916636751104,0.0,48.751852597939795,44.71341822384057,51.60545320313011,0.0,67.18603776858787,38.22011417058428,0.0,55.488275470108086,0.0,14.55511811023622
2005.08,0.0,62.632440427618974,0.0,60.34470148949669,0.0,79.93350589729188,0.0,50.78682446643232,43.29839586731919,0.0,48.843866989649854,0.0,47.889472652990136,44.80622501998401,51.724536199231075,0.0,67.6982882592984,35.66665764473435,0.0,54.79860082633969,0.0,14.729146221786065
2005.09,0.0,64.9031736738361,0.0,59.545805528399995,0.0,79.93350589729188,0.0,49.35596670006145,41.471894676588434,0.0,46.72639122880214,0.0,47.55374597495528,42.7663409022308,51.686594997720206,0.0,68.32433881295918,37.235498663421204,0.0,54.1985787809912,0.0,14.784313725490197
2005.10,0.0,62.89379707925027,0.0,58.847469892753665,0.0,79.93350589729188,0.0,48.272055173559274,40.23233330010964,0.0,45.73722597751802,0.0,47.48548328914696,42.52037609798342,51.94596504510953,0.0,67.31427681164232,37.2671517226621,0.0,53.20347961459166,0.0,14.784313725490197
2005.11,0.0,61.805815066130656,0.0,57.913738655550866,0.0,79.93350589729188,0.0,47.00344305092869,39.96411003825833,0.0,45.08762407478642,0.0,46.82156956329049,42.17474800958398,50.73948735735352,0.0,64.99863460967646,38.26827922231508,0.0,52.623798141650475,0.0,14.505703422053232
2005.12,0.0,61.382953431917265,0.0,59.032963155839084,0.0,79.93350589729188,0.0,54.0656660094619,39.72769268174082,0.0,43.93708608438343,0.0,46.82156956329049,41.72510013003285,51.79207453300618,0.0,67.83429340209203,43.31800050920818,0.0,52.22117079354694,0.0,14.48440366972477
2006.01,0.0,60.58006473912583,0.0,66.88127456497863,0.0,79.93350589729188,0.0,55.891062314109334,40.76566198516648,0.0,45.72021934686566,0.0,46.83725670307422,42.14356329974274,54.058778853378186,0.0,67.68844874286926,49.19520853598612,0.0,51.936083359319,0.0,14.629562043795621
2006.02,0.0,60.37026802902304,0.0,66.21472572512035,0.0,79.93350589729188,0.0,55.43474583267357,40.66780768632332,0.0,45.3351606482685,0.0,47.680027907493,43.3480588749814,54.62511897056621,0.0,66.82705837445917,48.16842928778796,215.33333333333334,51.84030167886632,0.0,14.629562043795621
2006.03,0.0,59.01250681580849,0.0,64.08533149684172,0.0,79.93350589729188,0.0,55.092875475613525,40.59883094908476,0.0,44.01492718716832,0.0,47.48538428031456,42.26709981449732,53.822619550238535,0.0,65.66662391565784,47.91767272320471,43.16421240517626,51.305920650747424,0.0,14.629562043795621
2006.04,0.0,57.72707146838456,0.0,62.58754881853686,0.0,79.93350589729188,0.0,53.0463034374141,40.58607115821347,0.0,42.94291595689176,0.0,45.95001460556386,41.31852099967907,53.98858027599387,0.0,64.87041959075262,46.7981826532542,42.249269311064715,50.28396770122109,0.0,14.563055062166963
2006.05,0.0,56.663641519795156,0.0,61.70554194250106,0.0,79.93350589729188,0.0,58.699921714318755,40.54784600605926,0.0,42.17445764946934,0.0,50.61582476393178,41.31058328585828,53.14070818116875,0.0,65.33325380256487,46.72074929248461,42.12724273045989,49.841505638479255,0.0,13.887892376681615
2006.06,0.0,55.97529896751788,0.0,61.56850501077148,0.0,79.93350589729188,0.0,56.92944570273849,40.6554172818674,16.574694826583997,41.56237336440621,0.0,49.74197393976288,41.31058328585828,52.67956031580265,0.0,63.35295186025176,46.71022589482193,42.12724273045989,49.571680583323534,0.0,13.842182890855458
2006.07,0.0,57.28222863007673,0.0,61.56904144963167,0.0,75.61673762043469,0.0,56.235687914182996,41.265482444014374,18.922918807810895,41.42007999332716,0.0,49.74957527810681,41.31058328585828,53.180096609777955,0.0,62.604290950754425,56.4669476689216,42.12724273045989,48.920396863477954,0.0,13.842182890855458
2006.08,0.0,59.84622694958604,0.0,60.80197330187989,0.0,74.52064832232381,0.0,55.553474509374766,41.993454011088104,18.82236790759385,41.7289331222627,0.0,50.44740440427437,41.45986389069572,52.81296128264326,0.0,62.470432451081024,55.64430081581064,42.12724273045989,48.58773054693156,0.0,13.842182890855458
2006.09,0.0,58.70161121331871,0.0,59.45349689701422,0.0,74.52064832232381,0.0,55.083511518871255,36.629189980651574,18.820899016700483,41.18428818069134,0.0,50.36038548637006,41.45986389069572,52.4502293098362,0.0,61.57995015868163,55.08918308296008,42.075180226570545,48.13691293766115,0.0,13.842182890855458
2006.10,0.0,58.01555053037711,0.0,58.19241049128928,0.0,74.52064832232381,0.0,54.51979343296034,31.6991544911027,18.820899016700483,40.94183535462039,0.0,50.36140217054475,41.45986389069572,53.523692363473,0.0,60.9064507090381,53.79290505323354,42.075180226570545,48.167562139940635,0.0,13.842182890855458
2006.11,0.0,57.17495234623584,0.0,57.95444949188325,0.0,74.51901835123253,0.0,54.0910513327458,31.76797545156566,22.27321164802701,39.83804584572886,0.0,50.36321257461581,41.45986389069572,52.29753214385607,0.0,60.16551256382999,53.13594510937932,42.075180226570545,47.553730024541146,0.0,13.875730994152047
2006.12,0.0,57.45988122484147,0.0,57.31176414554439,0.0,74.51588985367773,0.0,54.166682000994236,31.737688682467045,24.688949562562385,39.345482699412976,0.0,50.36052798317247,41.45986389069572,51.9757115888287,0.0,59.35162848235316,53.13539040520297,42.075180226570545,50.89808005549923,0.0,13.875730994152047
2007.01,0.0,57.167902306929754,0.0,56.781948673496,0.0,74.51588985367773,0.0,54.01965662661232,35.5479054645492,24.49299283712239,39.00021695605245,0.0,49.52968567420584,41.45986389069572,51.705535492497845,0.0,58.713707430574445,53.13539040520297,38.11552492906364,50.50273240907979,0.0,13.865595325054784
2007.02,0.0,56.00566497926058,0.0,56.284138967225225,0.0,74.51588985367773,0.0,54.019504117998714,35.45860199460075,33.365793098756825,38.964327869799256,0.0,48.950787437749234,41.45986389069572,52.098974996579436,0.0,58.200913328667845,53.13539040520297,33.93918982424261,49.32544701868227,43.24303554274736,13.865595325054784
2007.03,0.0,55.21773359387026,0.0,55.263134328408874,0.0,74.50062320963897,0.0,54.01808071176658,32.64137776197871,30.784392254452136,38.1594254809482,0.0,48.62442724886002,41.45986389069572,51.53122603604164,0.0,58.19352345827715,53.13539040520297,29.667045703912063,49.2777889573175,39.461883583021226,13.865595325054784
2007.04,0.0,54.73522858772816,0.0,54.4484351152011,0.0,74.49235848437807,0.0,54.01800446194466,30.904617599785695,29.501257344032187,36.96101282160393,235.22727272727272,46.950024903021266,41.45986389069572,50.90724800945782,0.0,55.99944093536345,53.13356907980584,25.193903171224278,49.276890395187046,36.91795939614784,13.865595325054784
2007.05,0.0,54.46631481928314,0.0,53.293059272676885,0.0,74.49235848437807,0.0,54.018144078437075,30.92148904093703,28.03048290164212,36.746911041299896,56.39387956564659,51.53181622622982,41.45958515346229,50.57526391184164,0.0,55.35263711468969,53.132737104173955,23.851644077784325,49.276890395187046,36.912835282279055,13.865595325054784
2007.06,0.0,54.12790529087611,0.0,51.81103506506261,0.0,74.49235848437807,0.0,54.01759334998472,30.999441019317715,28.02823711132976,36.58486896259139,54.372103004291844,50.29736884703793,41.45958515346229,50.73256406516592,0.0,55.20813555176078,53.13024133359777,23.008510593421427,49.276890395187046,36.90938735863457,13.865595325054784
2007.07,0.0,54.05027200742594,0.0,51.590393983754105,0.0,74.49235848437807,0.0,54.01744357973084,31.31247976691486,27.229465487685587,36.349281783283026,54.88549868766404,50.05970804651192,41.459221747504934,51.678744860226104,0.0,56.02438667992629,53.13024133359777,23.60960994182777,51.00899921231229,36.90426638917794,13.984705025491625
2007.08,0.0,55.88721144936036,0.0,51.34333743796516,0.0,74.49235848437807,0.0,54.01701964288109,31.34320228139319,29.2254351009843,36.161214118688925,55.179208876025086,50.090351190638195,41.459221747504934,52.23194255243836,0.0,55.69698263090027,53.1302931851098,24.168633981084252,50.0572374024876,36.90426638917794,13.984705025491625
2007.09,0.0,54.85072014089804,0.0,50.55285658369853,0.0,74.49235848437807,0.0,54.01701964288109,31.274731191309442,29.199932111337407,36.45858417493425,52.95683930942895,50.03309187317864,41.459221747504934,51.49038763626,0.0,54.82666110812392,53.12946358673528,33.067116699711654,49.56722289152209,36.90426638917794,13.984705025491625
2007.10,0.0,53.98702367936805,0.0,49.86074691562643,0.0,74.49235848437807,0.0,54.01701964288109,31.319496166484118,28.41407726070401,35.38619847790458,44.07452045493125,50.02937802506548,41.459221747504934,50.725860522666586,0.0,53.9190308071696,53.12946358673528,31.144887607406456,48.863538744687936,36.90426638917794,13.984705025491625
2007.11,0.0,53.616243454878166,0.0,49.293252934297,0.0,74.49235848437807,0.0,54.01701964288109,30.99451440347926,27.007970909474185,34.46025883180432,43.87091338051904,49.96155659366563,41.459221747504934,50.04494056949483,0.0,53.27446533137969,53.12946358673528,29.342183045368493,48.15078463816689,36.90426638917794,13.984705025491625
2007.12,0.0,53.32704953961168,0.0,48.681611847065966,41.28329372076976,74.49235848437807,0.0,54.01701964288109,30.88817739125255,28.40587882126477,35.73841587430831,43.87091338051904,50.31823079751024,41.459221747504934,49.85578323568944,0.0,53.429197744186,53.12946358673528,29.537489505215376,47.70340320817556,36.90426638917794,15.101052631578947
2008.01,0.0,52.97948866216885,0.0,47.87005548195065,55.438203722548664,74.49235848437807,0.0,54.01701964288109,31.260292758979098,28.243037006495406,35.163222502138986,43.87091338051904,49.341850375846306,41.459221747504934,49.47152154484293,0.0,52.73106970971225,53.12946358673528,29.646369529100962,47.02362731910497,36.90426638917794,17.060684312459653
2008.02,0.0,52.97576674301121,0.0,47.688394022363426,48.978485982829476,74.49235848437807,0.0,54.01701964288109,35.91835627993854,28.242674124002104,34.92186179068587,43.91912384161753,49.28418590593697,41.459221747504934,49.10261391734367,0.0,52.593615617300266,53.12946358673528,29.300044507688547,46.88467816474173,36.994301414470335,17.038684719535784
2008.03,0.0,52.582732201662715,0.0,47.44113436137732,47.518344722409594,74.49235848437807,0.0,54.01701964288109,35.75233682112606,28.79726451823315,34.42506015539858,43.04343598055105,48.17000230600279,41.459221747504934,48.65645968095361,154.6,51.54528149201307,53.12946358673528,30.149235477585126,45.73777812192186,36.78486433474992,17.020499679692506
2008.04,0.0,51.716039507779236,0.0,47.02724693725974,47.51515655089493,74.49235848437807,0.0,54.015570935477015,35.44943831287105,30.52218244837696,33.81949015297393,43.01351898324294,48.089961826334324,41.459221747504934,48.19502412117988,25.388571428571428,51.13522606476431,53.12946358673528,28.851125820978336,44.968959759894474,35.601262979892724,16.95701643489254
2008.05,0.0,51.36457541879933,0.0,46.42907677387378,47.51515655089493,74.47723447507049,0.0,54.015570935477015,35.36767283158895,30.274394736454326,33.643786238250534,42.734852118305355,47.490837460877614,41.459221747504934,48.65257115451365,25.043962213488907,50.44074679944407,53.127625707799496,28.67194759847587,44.630018376570696,35.35104645611919,16.9672131147541
2008.06,0.0,51.1237226600846,0.0,46.91280074881166,47.51515655089493,74.47723447507049,0.0,54.01148530641479,35.3185175094626,29.720535505984962,33.41402389325994,42.947737909516384,47.1998545871,41.458073526791864,48.93570636535002,31.86264934426733,50.11099862984089,53.127625707799496,32.47140081572732,43.80978678537002,35.29083205896362,16.9672131147541
2008.07,0.0,51.01479288420702,0.0,46.80740654639016,46.5837310174729,74.47723447507049,0.0,54.010652418281005,35.28050456939281,29.716748282480403,33.400076655846995,42.53474932452717,47.03768506056527,41.458073526791864,49.502176071639056,31.993315406468863,50.0769539303656,53.12753893203073,34.90676087204735,43.80574316455232,35.298019553772875,16.472631578947368
2008.08,0.0,50.67787413864276,0.0,46.804721503061835,43.97207696316887,74.47723447507049,0.0,54.010051010075706,35.19355520744236,29.227581387421168,33.77563771262066,42.53233793517407,46.89491964225885,41.45795308251065,49.579294379352625,35.68220026401615,50.79342789453717,53.12777016712983,39.31338589848124,43.38753887709391,57.10870438119033,16.203061224489797
2008.09,236.625,50.64376883146732,0.0,46.8040317994809,41.21025198378887,74.47723447507049,0.0,54.01044301676175,35.09411888298888,29.84827527060885,33.47032027214321,31.190283400809715,46.764975852787074,41.45795308251065,49.479279264505415,33.69987283727024,50.270249589100274,53.12777016712983,40.44489838737625,43.02247316587847,52.8710251450677,16.080889787664308
2008.10,18.7182364483689,50.256590708331416,14.432156405018967,46.80395611904752,38.633116968180566,74.47723447507049,0.0,54.00983594296282,35.06996479878223,29.705554873061008,33.13827066032592,31.146713380046712,46.63483373217406,41.45795308251065,49.06402209260095,33.60932031681709,50.06452348797313,53.12662429157404,38.84716911518079,42.64074956705148,52.865418084777225,16.080889787664308
2008.11,18.766820061746373,50.07823715051728,17.039066201490286,46.80394167507537,36.809053865951256,74.4750977949693,0.0,54.00970323702301,34.923347477604906,29.176918592789065,33.03931302154954,31.13696848424212,45.791738992963616,41.45795308251065,48.54951884349224,32.386905228083414,49.619452825997094,53.12662429157404,38.31958021087576,42.44092426771892,52.862464349591534,16.08513853904282
2008.12,31.028454242501923,50.04634389499252,17.201597565614303,46.80391728520282,33.955320077897056,74.47025019119414,0.0,54.009638987768696,34.81596495815899,29.162254038072213,35.263599130220996,31.13696848424212,45.37633884741598,41.45795308251065,47.96717143770662,32.06238376295714,49.60569925079287,53.12662429157404,38.312931674182316,42.708018041959264,52.85639994586966,44.04366913892307
2009.01,28.60658403046052,50.34152525020083,26.25171785986962,46.80391728520282,33.501665725642276,74.47025019119414,0.0,54.009638987768696,34.75349651970007,29.162254038072213,36.043095681393346,30.19302143639493,44.89674068082134,41.45795308251065,47.92336073951205,32.06103372048142,49.363380267942645,53.12662429157404,38.42910625005032,42.89506100320663,52.89086235553322,42.600190869069976
2009.02,31.67150216324847,49.920600261091394,26.15513182216169,46.80391728520282,33.07928046062489,74.47025019119414,0.0,54.009638987768696,34.764305629927804,29.16218609542175,35.79660157200012,30.11230630125027,44.525475219212055,41.45795308251065,47.605590269719556,31.97658438959306,49.49330470841944,53.12662429157404,38.39122096326619,42.314041969834456,52.60335944532761,42.58697654427115
2009.03,29.275048761106696,49.270291397546806,25.12910593578369,46.80369723828887,31.679693733290406,74.47025019119414,0.0,54.009638987768696,34.71613751989475,29.16198030299941,35.54155500527126,30.08434823236256,44.10843747185476,41.45795308251065,47.339155280055856,30.871479853843034,49.04582506579319,53.12662429157404,37.7320788598073,41.72814619778487,52.582608362762834,42.51034187773059
2009.04,29.689659255750616,49.07943100979264,23.239695006592903,46.804541152019304,30.93740370579626,74.47025019119414,0.0,54.00755296068298,34.54142301964915,29.161915747650756,35.304117322852186,30.08434823236256,43.84189626265693,41.45795308251065,46.941822859505095,29.52216757964807,48.98358393331884,53.12662429157404,36.53292635430086,41.25905689231124,52.57995272410592,42.46410373760488
2009.05,29.04161312371839,49.03909622630507,23.39320849796713,46.50021275724602,30.900353173266613,74.47025019119414,0.0,54.00755296068298,33.05232744269433,29.161915747650756,36.94244029877644,30.08434823236256,43.94315885512262,41.45795308251065,46.99163434329515,30.309540924948152,48.98313898560222,52.123513722032406,36.5229747966076,41.184222088673586,52.57972553973358,42.46410373760488
2009.06,28.68941894500841,49.09974894349466,22.8191908959631,46.3838253058696,30.129901102383215,74.47025019119414,0.0,54.00755296068298,32.80876035773808,29.161915747650756,36.31677913488207,30.08434823236256,43.125551542152465,41.45774496391633,47.21929969245726,30.454810228395047,48.98313898560222,52.123513722032406,36.5229747966076,41.049079631173036,52.57972553973358,42.46410373760488
2009.07,28.28397910695897,48.81577406202495,23.17005967005967,46.38544363270275,30.12549630653448,74.47025019119414,0.0,54.00740054002987,32.79269783192558,29.161915747650756,36.28352822747057,30.07372841810546,43.07729542346468,41.45774496391633,47.70435814221995,30.29354457135981,49.7241258852458,52.123513722032406,36.5229747966076,40.946964730519404,52.577827751196175,42.46410373760488
2009.08,28.570964393700077,49.670362677482686,23.364442525490716,46.38544363270275,29.79379070564615,74.47025019119414,0.0,54.00740054002987,32.56187360801782,29.161915747650756,36.15726240347033,30.07372841810546,43.13809309673991,41.45774496391633,48.42396906585178,29.713385970121436,49.46036834711569,52.123513722032406,36.522910452888624,40.958898046565196,52.577827751196175,42.46410373760488
2009.09,28.350698266227898,49.03059884020595,25.02676867719483,46.385255389726225,29.049097487025,74.47025019119414,0.0,54.00740054002987,32.45346856878874,29.161915747650756,35.98187215387257,30.07372841810546,42.529030270648775,41.45774496391633,47.978690133072895,28.682917868361592,48.88640017957746,52.123513722032406,36.208084134423025,40.8947133163578,52.576762611957435,42.462808152306565
2009.10,26.82672551273968,48.61309227402318,24.397768354638803,46.385255389726225,28.40438239844565,74.47025019119414,0.0,54.00709570130463,31.761099168146554,29.161915747650756,35.59657510030915,30.07372841810546,41.80304481980792,41.45774496391633,47.6614238373908,28.682481208071497,48.456450124167105,52.123513722032406,36.14766784324092,40.89503508952326,52.576762611957435,42.464915492098356
2009.11,27.404319532954954,48.59242206394298,23.823569878935714,46.20653902792049,27.891065221525004,74.47025019119414,0.0,54.00709570130463,31.642318130667903,29.161915747650756,35.55701589814285,30.07372841810546,42.98251030214795,41.45774496391633,47.3359306231802,28.71393407471376,48.6044557265614,52.123513722032406,35.54221872707003,40.89496299219227,52.576762611957435,42.36504653567735
2009.12,28.8294679901014,48.44693400745551,24.812416430952673,46.00843457453088,27.88170726004854,74.47025019119414,0.0,54.00709570130463,31.606294239928427,29.161915747650756,35.55657338755993,29.720030651340995,42.71192550738555,41.45774496391633,47.4329928736688,28.28009542440355,48.25443071211502,52.123513722032406,35.51751131916712,42.35628621650369,68.61375091848969,42.318601543041126
2010.01,28.717393551211238,48.27083483840116,24.763087728792158,45.52582223025743,27.46270124896772,74.47025019119414,0.0,54.00709570130463,31.61695418653792,29.161915747650756,35.51814127803957,29.794761831827234,42.627021290479355,41.45774496391633,47.50428029164462,28.053109452513002,48.08135592917883,52.123513722032406,35.51580500785451,43.500191671608384,73.07338086231991,41.175358349842675
2010.02,28.600737320858507,48.57155941079881,24.605948840392738,45.23105725628916,27.461265048003074,74.47025019119414,0.0,54.00709570130463,31.62148439282246,29.161915747650756,35.25400481057116,29.85564296427806,42.509062125353715,41.45774496391633,47.28719596455603,28.04953713759498,47.85474648177205,52.123513722032406,35.10057187160497,43.89638678545433,71.0636310655788,40.8956107421311
2010.03,27.725137152267497,48.20418552658004,23.522775930286187,45.23101392618742,27.249706811504318,74.47025019119414,0.0,54.00709570130463,31.63289683184403,29.161915747650756,35.18874235119093,29.885745741459985,42.33681401151247,41.45774496391633,46.98284512191336,28.049436257922995,47.6750145341353,52.123513722032406,34.77070095222584,43.59891267802665,70.48947532592479,39.32392661142796
2010.04,26.98996829363945,47.972536820142864,23.560813689659188,45.2309422586916,26.094843923172654,74.47025019119414,0.0,54.00709570130463,30.995659398634007,29.161915747650756,34.59701295657424,29.96619907704532,42.005826148622305,41.45774496391633,46.91894824868231,28.170552046073716,46.363392549649284,52.123513722032406,34.4410445325984,43.597090403236955,70.40541229194301,39.13828934715247
2010.05,26.701749244412657,47.969743771806634,23.612303459617614,45.230228400342,27.821622249216016,74.47025019119414,5.5,54.0063336195468,30.92651262505955,29.161915747650756,34.34738654008949,30.023270728355474,42.12252762581501,41.45755106225284,46.91681901077424,28.104724159942688,46.02628802189544,52.123513722032406,35.0827669127403,43.597599046373865,70.39877895761934,39.10263593191399
2010.06,26.127419933409843,47.83726225938366,23.341735422432414,45.229663256124944,27.260798059932437,74.47025019119414,8.444444444444445,54.005876380815444,30.896574485176444,29.161915747650756,34.514213121995866,30.05327881358518,41.66455120810289,41.45755106225284,46.82074698928345,28.137411563142958,45.802377652307555,52.123513722032406,34.99999929322978,43.31966065687745,70.39795872504588,39.10263593191399
2010.07,28.370732030560024,47.784352015298296,23.967217013480372,45.229663256124944,27.259366615235756,74.47025019119414,8.444444444444445,54.005876380815444,30.918828389593955,29.161915747650756,34.544853254312656,30.101905778319868,41.74119907078045,41.45755106225284,46.87124807447254,28.137067228780385,46.24659741838989,52.123513722032406,35.00093784100097,43.18751719557364,70.39960225910833,39.10263593191399
2010.08,28.457586824805436,47.74608430269798,24.023371762295234,45.229663256124944,27.21839613593252,74.47025019119414,8.444444444444445,54.005876380815444,30.965953427499013,29.161830802527213,34.48209329788327,30.23180280917705,42.12691869723697,41.45755106225284,47.17221696812875,28.16816107318965,46.67077123638496,52.123513722032406,34.905163493269036,43.08371249179119,70.3980203285221,39.10263593191399
2010.09,28.436208903324307,47.62178105303283,23.776453810616637,44.91762464909155,26.83221331363547,74.47025019119414,8.444444444444445,54.005876380815444,30.977502749937013,29.161830802527213,34.66369209616558,30.23180280917705,42.051620161884074,41.45755106225284,46.97622725789089,27.750102599814962,46.51448208863858,52.123513722032406,35.24378827105254,42.8994735335563,70.3980203285221,39.10263593191399
2010.10,27.86351875926145,47.606702890497395,23.504865737980143,44.84584358013072,26.807552280351505,74.47025019119414,8.444444444444445,54.005876380815444,30.98706746107073,29.161830802527213,34.156727579469866,30.2019415112139,41.57901638904133,41.45755106225284,46.79008494738987,27.721287057308068,46.41920888791632,52.123513722032406,35.122193619005145,42.6784318678417,70.3980203285221,39.071508469159475
2010.11,28.846082157555355,47.36700580739731,23.23728788757715,44.84584358013072,26.79371662829872,74.47025019119414,8.444444444444445,54.005876380815444,30.987348020842855,29.161830802527213,33.790225475206746,30.2019415112139,41.43966577199678,41.45755106225284,46.586776142478776,27.737273141398116,46.063119651060795,52.123513722032406,34.661500254172665,42.27518117848745,70.3980203285221,39.067076742823666
2010.12,29.780677594903107,47.43340012211094,23.059473717199804,44.84590202627365,26.57060807235697,74.47025019119414,8.444444444444445,54.005876380815444,30.995627398393268,29.161830802527213,33.96315787683653,30.2019415112139,41.206707815326695,41.45755106225284,46.513715423805074,27.14858840016008,46.42407303662509,52.123513722032406,34.62031941888313,42.28783962144915,70.3980203285221,38.69948200083717
2011.01,30.7028233740547,47.55826686176689,23.060266726400446,44.84587959331076,26.57054386252429,74.47025019119414,8.444444444444445,54.005876380815444,31.063413123474334,29.161672565211692,34.06733705361477,30.199178457325424,41.07817116424688,41.45755106225284,46.55851077467321,27.14858840016008,46.29987485007705,52.123513722032406,34.46195698526855,42.415124281583545,70.3980203285221,38.61481385055975
2011.02,30.62101318995448,47.766544549553146,23.20793144026097,44.84587959331076,26.448414466176796,74.47025019119414,8.444444444444445,54.005876380815444,31.119347777312885,29.161672565211692,34.40660377637386,30.199178457325424,41.04847722286165,41.45755106225284,46.40886882870352,27.14858840016008,46.16507461681563,52.123513722032406,34.46195698526855,42.08940792529054,70.3980203285221,38.6142091013225
2011.03,30.332854663757203,47.58177084448718,22.966447940395067,44.62932255807198,26.39200596450784,74.47025019119414,8.444444444444445,54.005876380815444,31.183626403559213,29.161672565211692,34.17274180407664,30.199178457325424,40.72817596529678,41.45755106225284,46.216871907160304,27.14858840016008,45.663098196917076,52.123513722032406,34.10711651681336,41.97012548618641,70.3980203285221,38.6142091013225
2011.04,29.655933441640094,47.43174387971808,22.845250195727118,44.594079404287314,26.033649934372786,74.47025019119414,8.444444444444445,54.005876380815444,31.23898485379622,29.161672565211692,34.027956710608564,30.199178457325424,40.414149830974566,41.45755106225284,46.07058609087354,27.14858840016008,45.20441416322858,52.123513722032406,34.13173036333904,41.93321978734386,70.3980203285221,38.6142091013225
2011.05,29.438683009451086,47.350959814205396,23.200736253048532,44.594079404287314,26.033649934372786,74.47025019119414,8.444444444444445,54.005876380815444,31.29519060310416,29.161672565211692,33.864227339267146,30.199178457325424,40.75758660231612,41.45755106225284,46.16711036897509,27.14858840016008,45.19458602812408,52.123513722032406,34.10241755939444,41.82518994160165,70.3980203285221,38.6142091013225
2011.06,29.573609042127426,47.116714634397404,23.116105454349338,44.594070763362865,25.866690698770697,74.47025019119414,8.444444444444445,54.005876380815444,31.38194561424618,29.161672565211692,33.73306657116713,30.199178457325424,40.5186922649304,41.45755106225284,46.07748808305097,27.14858840016008,44.892437892250435,52.123283926886685,34.10133936795414,42.00294199547464,70.3980203285221,38.51858851550769
2011.07,29.746700868509503,47.19097360702001,23.115993297848128,44.594070763362865,25.826450544693422,74.47025019119414,8.148148148148149,54.005876380815444,31.42960113310367,29.161672565211692,33.79833959555219,30.199178457325424,40.509520458010705,41.45755106225284,46.32066182436122,27.14858840016008,45.70350796826838,52.123283926886685,34.095039007274735,41.94783684673887,70.3980203285221,37.78861610404793
2011.08,30.75710234024686,47.2501892566488,23.104784171482887,44.5942185913411,25.657832735078827,74.47025019119414,8.148148148148149,53.96564083662854,31.49288124237276,29.161672565211692,35.01060116141146,30.199178457325424,40.683472483816445,41.45755106225284,46.29626079224093,27.14858840016008,45.610598908273126,52.123283926886685,34.017193914139426,42.20833732895015,70.3980203285221,37.674068142108325
2011.09,31.695833291450572,47.13412078250928,23.109045707600906,44.594206390810854,25.74594297264206,74.47025019119414,8.148148148148149,53.963049926113946,31.467864707243418,29.161672565211692,35.085597162045744,30.199178457325424,40.67130113796122,41.45755106225284,46.321007578697596,26.880125663536404,45.29382139794182,52.1233230611876,33.994891595916606,42.03657003708885,70.3980203285221,37.67287066246057
2011.10,31.494039245147945,46.926790115970604,22.980423182827337,44.59419752025664,25.70452491475989,74.47025019119414,41.351351351351354,53.96275698777733,31.489730662616065,29.161672565211692,34.77454228271389,30.199178457325424,40.77017859447067,41.45755106225284,46.29450606699173,26.80791314523469,45.24307722791896,52.11969645541386,33.832976051902314,41.99504014564109,70.3976316026006,37.658799844765696
2011.11,31.486332192182765,46.76574403810768,22.969173972305146,44.59419752025664,25.459273983154024,74.47025019119414,9.771217712177123,53.96275698777733,31.528647966851935,29.161672565211692,34.60481829765538,30.199178457325424,40.51986924754871,41.45755106225284,46.29090586729715,26.807747116154733,45.148433600761614,52.11773495749684,33.57851691567199,41.83964855480575,70.39690808519244,35.71263179192051
2011.12,31.418167730008836,46.766822553683355,22.919437652602124,44.594186864412755,25.456825988876485,74.47025019119414,9.771217712177123,53.9636533268692,31.561132765422084,29.161672565211692,34.4703060433576,30.199178457325424,40.43315109513319,41.45755106225284,46.62510633584152,26.807747116154733,45.378068431993185,52.07735973223391,33.59619945429916,41.89635573763224,70.39690808519244,35.657301103237955
2012.01,32.43600109116278,46.65531470729451,22.91026225567864,44.59417620857709,25.456825988876485,74.47025019119414,9.771217712177123,53.96195214070295,31.482730699102312,29.161672565211692,34.413406122133864,30.199178457325424,40.414559310434306,41.45755106225284,46.721631384267646,26.807747116154733,45.29889778629065,51.40822741183931,33.61523974129396,41.63872502691048,70.39690808519244,35.66443268929036
2012.02,32.525635205803454,46.909202274720435,22.891027156849297,44.59417620857709,25.456222121405794,74.47025019119414,9.771217712177123,53.96195214070295,31.53936879778754,29.161672565211692,34.26135086799472,30.199178457325424,40.20537845181055,41.45755106225284,46.61285874961851,26.807747116154733,45.105300781826585,51.39594937567717,33.51879660467874,41.517685583103685,70.39690808519244,35.16820236058093
2012.03,32.854667642831146,46.73487938686515,22.891348802217582,44.21891916254221,25.420333473189007,74.47025019119414,9.771217712177123,53.96195214070295,31.61131500949382,29.161672565211692,34.311999368195245,30.199178457325424,39.82885702621153,41.45755106225284,46.519479629978576,26.807747116154733,45.080043644841616,51.3936547109446,33.18357823607375,41.01240802380943,70.39690808519244,35.14322345927939
2012.04,32.75208653221942,46.612342198085,22.84777124654013,44.20947179322353,25.37200692366348,74.47025019119414,9.771217712177123,53.96195214070295,31.665167399001255,29.161672565211692,34.30456598968145,30.198010162168742,40.258093756819164,41.45755106225284,46.39982113056091,26.807747116154733,44.71606810313955,51.39312905079219,33.74739114111081,40.96138342074959,70.39690808519244,34.71393131417724
2012.05,33.60022923167375,46.55369911718656,23.140252299468642,44.20947179322353,25.370620134741017,74.47025019119414,9.771217712177123,53.96192524281148,31.676669537754808,29.161672565211692,34.18505475481922,30.198010162168742,41.35686188258903,41.45755106225284,46.317462975718506,26.807747116154733,44.558991766353536,51.39312905079219,33.72220790607573,40.96155216458729,70.39690808519244,34.69982754904074
2012.06,33.919333357968476,46.486779280025246,23.108306799786323,44.20947179322353,25.280259329465853,74.47025019119414,10.181818181818182,53.96192524281148,31.739877882845285,29.161672565211692,34.16837712261882,30.198010162168742,41.51854445994278,41.45755106225284,46.26076948994193,26.807747116154733,44.558117499725576,51.39312905079219,33.661334069534554,40.783060788310486,70.39690808519244,34.38445675720713
2012.07,33.672395713549385,47.13562887644323,23.10825620221842,44.209483827024656,25.279529181644822,74.47025019119414,21.995043370508053,53.96192524281148,31.753658951667802,29.161672565211692,33.92869219767949,30.198010162168742,41.723941081527215,41.45755106225284,46.396552659765746,26.807682606219625,45.855281327683,51.39318334082448,33.660822377896295,40.88930612049104,70.39690808519244,32.2399639400964
2012.08,35.299157615425436,48.19551517086106,23.10825620221842,44.209483827024656,25.279508509738793,74.47025019119414,22.519494783086216,53.96183840792318,31.80866423951879,29.161388137217493,34.14825573271532,30.194822183687748,41.776651468324204,41.45755106225284,46.37316805641519,26.807610795742654,46.049764297885226,51.39318334082448,33.61735665022838,41.0153945775899,70.39690808519244,31.921721238146358
2012.09,35.1302062727446,48.05577090533999,23.10825620221842,44.20945013545184,25.308484336216576,74.47025019119414,23.605947955390334,53.96174550742937,31.823089602871434,29.161388137217493,33.9901002416581,30.194822183687748,41.58555225263418,41.45749742441736,46.62301483205566,26.807610795742654,46.04979898091919,51.39318334082448,33.525095224223776,41.07563640678942,70.39690808519244,31.874101992426656
2012.10,34.99054212286593,47.82270142895046,23.10825620221842,44.20945013545184,25.357507752656463,74.47025019119414,25.9359173126615,53.96174550742937,31.820938122073624,29.161388137217493,33.88023184322649,30.194822183687748,41.78878217064294,41.45749742441736,46.71424979903063,26.807610795742654,46.03402768382483,51.393020544024424,33.46434648028207,40.97648059934011,70.39690808519244,31.591810897991746
2012.11,35.38255085421385,47.86018412542326,23.11064011670811,44.20942254063981,25.358486931196847,74.47025019119414,25.9280205655527,53.96174550742937,31.861967260643635,29.161388137217493,33.73240014786683,30.194822183687748,41.73942479419805,41.45749742441736,46.82742580094677,26.807610795742654,45.89869559532218,51.393020544024424,33.38268382978491,40.97600141489344,70.39944873662569,31.587871393466568
2012.12,35.8479254561531,47.795762117891925,23.111042241538176,44.20942254063981,25.35516904006027,74.47025019119414,25.910631741140215,53.96174550742937,32.58775781697834,29.161388137217493,33.7427885426309,30.194822183687748,41.82754409967965,41.45749742441736,46.921007890611065,26.807610795742654,46.16292214380515,51.393020544024424,35.402327968031976,40.97743140471888,70.41122391279112,31.53943837700183
2013.01,36.907057702482916,48.097818297281876,23.097994070625262,44.209388849165045,25.354584613591875,74.47025019119414,25.910631741140215,53.96174550742937,32.63366932774239,29.161388137217493,33.725235764659885,30.194822183687748,41.910327279660294,41.45749742441736,46.94129011702317,26.807610795742654,46.11344267401345,51.393020544024424,36.208473092955195,41.038470210120906,68.16031259227445,31.515424580529768
2013.02,40.05997911561001,47.9823999498225,23.098152574804253,44.20917495130763,25.354543578621975,74.47025019119414,25.910631741140215,53.961480359344726,32.67657532706077,29.161388137217493,33.6790318336622,30.194822183687748,41.89776377489818,41.45749742441736,47.135855513482824,26.807610795742654,46.1222711340846,51.393020544024424,36.21935487701938,41.0687968517118,68.03671387610277,31.4959619144776
2013.03,40.42460923430663,47.877346551048866,23.10193806214874,44.20914886365087,25.323148848934636,74.47025019119414,25.910631741140215,53.961480359344726,32.75564482097357,29.161388137217493,33.72316512890525,30.194822183687748,41.70324798242867,41.45749742441736,46.939307566635584,26.807610795742654,45.95667692126686,51.393020544024424,36.0758234762255,40.89737667455268,68.0270945657396,31.411121440040564
2013.04,40.06478421821182,47.74676781002208,23.057793050493252,44.20914886365087,25.324173192412232,74.47025019119414,25.910631741140215,53.961480359344726,32.78773024440407,29.161388137217493,33.5348525141777,30.194822183687748,42.28821698963211,41.45749742441736,46.6941524082159,26.807610795742654,45.95609086706185,51.3941849420784,35.90385174039348,40.69490187273637,68.0253980009875,31.23295273544255
2013.05,40.123133728997274,47.745173743659954,23.044357837753335,44.209089864694555,25.313872737649245,74.47025019119414,25.96921498204207,53.961480359344726,32.825768753118,29.161388137217493,33.37458989165444,30.194822183687748,42.48892085294879,41.45749742441736,46.5679885509028,26.807610795742654,45.890762935268434,51.071773220747886,36.036762338146566,40.66376234010133,68.02336186708122,29.87504154730061
2013.06,39.9703644678688,48.16065607365704,23.044538267462485,44.209089864694555,25.313665772001695,74.47025019119414,26.076883649410558,53.961283399400536,32.88588073118302,29.161388137217493,33.725653595605635,30.194822183687748,42.37816765663623,41.45749742441736,46.52705787078117,26.807610795742654,45.708205113669585,51.071773220747886,36.01628385427534,40.662175952980185,68.02332842945927,29.83407264748133
2013.07,40.7239774748001,47.9654086712789,23.044612329984666,44.209089864694555,25.2764607128335,74.47025019119414,26.063524590163933,53.961529030958,32.86705420662735,29.161388137217493,34.10900608871931,30.194822183687748,42.210082183610055,41.45749742441736,46.54305021314959,26.807752466120505,45.66191935740231,51.071773220747886,36.00475779087735,40.698854708591035,68.02361143543384,29.69086750121422
2013.08,41.75911604586186,47.95804207308004,23.044612329984666,44.20905617384562,25.236397143294017,74.47025019119414,18.91835233541743,53.96133803799332,32.95881091821795,29.161388137217493,34.8986242142073,30.194822183687748,42.368602380861255,41.457571515244204,47.006967414639476,26.807723561908503,45.660142418002565,51.071773220747886,35.93468816005389,40.7691603916521,68.02337745516652,29.382458243058437
2013.09,41.45260396238375,48.795552646273386,23.044612329984666,44.20898879230179,25.230976632474515,74.47025019119414,18.613180941071693,53.96136914802023,33.020395514653416,29.161388137217493,34.82426475386968,30.194822183687748,42.34240422570351,41.457571515244204,46.99065630429632,26.807723561908503,45.834543647993954,51.071773220747886,36.17375062540498,40.58978562532129,68.02292363015297,29.388603979855056
2013.10,41.29574104205376,48.625030753034686,23.044612329984666,44.20863251785962,25.224628326822856,74.47025019119414,18.70199455361743,53.96136676525834,33.080490927278284,29.161388137217493,34.784541469867186,30.194822183687748,42.26186947378826,41.457571515244204,46.815891948372126,26.80783327634246,45.642766996948644,51.071773220747886,36.14153727678152,40.54932590758464,64.5465020979909,28.75218670864417
2013.11,41.23945926383418,48.433709518948596,23.0447215594508,44.208563707218374,25.197586169455153,74.47025019119414,15.8178376331873,53.96136676525834,33.07897730489883,29.161388137217493,34.9549767857385,30.207321889715935,42.199589500684844,41.41378048698618,46.68006530896982,26.80783327634246,45.56594955681656,51.071773220747886,36.06888980181034,40.46249299881411,62.080507579916386,28.794145420207744
2013.12,42.73893636990675,48.64178211539934,23.044934146115448,44.208477973565344,25.198183303089646,74.47025019119414,15.41414552709801,53.95273748541867,33.038666700696766,29.161388137217493,34.87148119989806,30.207491569705624,42.12460448868808,41.41212207667973,46.60904962845351,26.80783327634246,45.803996804648534,51.071773220747886,36.88349933127436,40.538338455262256,62.01058202449246,28.631136683938923
2014.01,43.51200396137235,48.61220446644979,23.044859868058975,44.209915642963544,25.70889479475138,74.47025019119414,15.429421202989865,53.95276015970381,33.17609938166138,29.161388137217493,34.9216191193246,30.207491569705624,42.94963104298976,41.41152777894322,46.71110450595304,26.807863430109343,45.78887398760954,51.071773220747886,36.94953888025243,40.50341046261533,62.00709702687145,28.657122100565616
2014.02,43.48006019595194,48.50320961013141,23.04485811188118,44.209915642963544,25.931661985137588,74.47025019119414,15.772961257111893,53.95276015970381,33.27849242819579,29.161388137217493,34.892834912685004,30.207491569705624,43.33986660847964,41.41152777894322,46.864235121864176,26.807863430109343,45.759588929044156,51.071773220747886,36.9085561534365,40.47336788343764,61.99982655632846,28.652673633069334
2014.03,43.195084332095014,48.50321727558967,23.04485811188118,44.209915642963544,25.932469332562096,74.47025019119414,28.550527353989143,53.95261095833286,33.33811623408435,29.161388137217493,34.73959130271666,30.193789272379565,43.297972187385604,41.41152777894322,46.742189261687415,26.807863430109343,45.350975042067816,51.07166626527471,36.83314251028488,40.411661230842654,61.9319862388689,28.285721624328975
2014.04,43.02014914202096,48.503120581796814,23.04485811188118,44.209915642963544,25.930502135396356,74.47025019119414,25.1033985099474,53.95070804488886,33.37044918328026,29.161388137217493,34.633323209030564,30.193789272379565,42.87750813126321,41.41152777894322,46.56407745143823,26.807863430109343,45.3362630832039,51.07166626527471,36.65259991493525,40.34313459731625,61.92702731756174,28.17868918700501
2014.05,42.87968661340401,48.48917599692443,23.04485811188118,44.209881952820375,25.920402616409305,74.47025019119414,23.662622175425444,53.95070804488886,33.419302473558425,29.161388137217493,34.78611731805701,30.193789272379565,42.919268305825405,41.41152777894322,46.50825031141682,26.807863430109343,45.14139379455488,51.07166626527471,36.647731092947716,40.871556045112264,61.92672113181229,28.124929652264207
2014.06,42.71973384731737,48.33049646007857,23.04485811188118,44.20984826272855,25.917340014103736,74.47025019119414,22.896634026608854,53.95070804488886,33.48590360723845,29.161224079624596,34.72576465638192,30.193789272379565,42.82483461360535,41.41152777894322,46.54918910189555,26.807863430109343,45.39817406895665,51.07166626527471,36.58667203528149,40.8469028964136,61.92672113181229,28.054937429524433
2014.07,42.608381344949805,48.53798615146993,23.04485811188118,44.20984826272855,25.917808208689525,74.47025019119414,22.798029405914843,53.95007536697377,33.63979812545061,29.161224079624596,34.70372593625535,30.28617373099912,42.83128280320913,41.410190187065666,46.549596100509525,26.807863430109343,45.32446201785247,51.07166626527471,36.5517485479735,41.29342766086612,61.92672113181229,27.872060228888422
2014.08,42.63639546108514,48.564500995919744,23.04555871154892,44.20988131306059,25.92671244570789,74.51230483677257,22.793105380880323,53.94988434469507,33.71618656032497,29.161224079624596,35.45606299879231,29.84473601102466,42.91900339962359,41.410190187065666,47.44813651033842,26.807863430109343,45.36941642393767,51.07166626527471,36.520194484946444,41.31464738146556,61.92675841419578,33.24125510796045
2014.09,42.62331063783473,48.56426528672206,23.04557760969254,44.20988131306059,27.303515828791028,69.63649027656531,22.6309683851185,53.949735162776285,33.747422451666345,29.161224079624596,35.62992591490599,23.97739502767759,42.91535669474838,41.410190187065666,47.38482335732184,26.807863430109343,45.28595669395422,51.07166626527471,36.751764720881056,41.34267904505142,61.92675841419578,36.6687629903809
2014.10,42.62457447723579,48.45056969423986,23.0456224391541,44.20988131306059,27.30709618237374,49.374979535259385,22.49714057326695,53.94959161651678,33.80596560495791,29.161224079624596,35.487211328903435,28.349665436998233,42.91533416002574,41.410181107859195,47.31678109037685,26.807863430109343,45.11985888493671,51.07166626527471,36.485355899017854,41.03507312943548,61.92675841419578,35.31013725993009
2014.11,42.43751660977149,48.33426516236021,23.045688438874596,44.210058309787726,27.306847667275804,48.88979394719897,22.468629134154458,53.94947839371607,33.85988366409229,29.161224079624596,35.40562257543852,27.35058055720081,42.934884609390174,41.410181107859195,47.31167801811774,26.807863430109343,46.25304226882822,51.07166626527471,36.38530952737891,40.832824171869454,61.92690862660685,35.27128772838925
2014.12,42.17889058139709,48.33531188026626,23.045688438874596,44.17139732161099,27.30697220593612,47.56421354972181,30.974664646783285,53.94947839371607,34.22746417943086,29.161224079624596,35.530221316137236,28.530067259615645,42.84790466800483,41.410181107859195,47.56149360677937,26.807863430109343,46.31625559743448,50.7622452954208,36.26027483121726,40.75256813285986,61.92690862660685,35.260134498991256
2015.01,42.11679450328491,48.347414462696506,23.045688438874596,44.17113030898689,27.30697220593612,45.66725361851203,31.51052893105833,53.94947839371607,34.34067012741859,29.161224079624596,35.52408201820025,28.0735199245695,42.84790466800483,41.410181107859195,47.79491965823075,26.807863430109343,46.28662408298335,50.63068528679746,36.097590406800656,40.846674635568846,61.92690862660685,34.93647310747756
2015.02,42.103636172485004,48.35765015002508,23.045688438874596,44.171139171126626,27.30697220593612,41.2839897137959,31.467665488431876,53.949182853122046,34.429932996355944,29.161224079624596,35.49484049708225,32.66384592397185,42.847287132569846,41.4102928565555,47.67862170347313,26.807863430109343,46.06588021583932,49.68614917521756,35.88312964154934,41.19843137235142,61.92690862660685,34.608663574365984
2015.03,41.88461939576517,48.11604516305727,23.045688438874596,44.171139171126626,27.30697220593612,39.85349283598332,30.11508543719446,53.949182853122046,34.51254839359028,29.161224079624596,35.388094241426025,31.337109552144458,42.84366623593733,41.4102928565555,47.579434574063605,26.807863430109343,45.864356860575505,48.058230019657735,35.51801558755965,41.00139155682535,61.92690862660685,33.89778719599209
2015.04,41.48266100949559,48.01618307302975,23.045688438874596,44.171139171126626,27.306896320457614,37.38046779661017,30.39416637084369,53.949182853122046,34.55761067313524,29.161224079624596,35.317497834180216,31.42077120487467,42.84350644198433,41.4102928565555,47.44925966167089,26.807927388182247,45.85159004330581,50.68644646256074,35.37887507427255,40.86088216153992,61.92690862660685,33.727131255167045
2015.05,41.45959322752416,47.973910996220205,23.045688438874596,44.17108771791123,27.306053956370206,37.4007058761901,30.333244232010784,53.949182853122046,34.59607254685162,29.161224079624596,35.294337950043015,31.438409948542024,42.84350644198433,41.4102928565555,47.38469054152703,26.807927388182247,45.91979072266661,49.94766599041289,35.21555699760203,40.97506310904997,61.92690862660685,33.015584476685035
2015.06,41.71207245579133,47.968845164113745,23.045688438874596,43.99480395808874,27.305168943792125,37.3966989223376,29.30986286806785,53.949182853122046,34.60472849368994,29.161224079624596,35.18313642064208,31.225901526836857,42.84350644198433,41.4102928565555,47.2802734321194,26.807927388182247,45.21443763632419,49.332504534934635,35.85233414538891,40.69823596263514,61.92690862660685,32.975673786772695
2015.07,41.89697664416933,48.373903224626304,23.045709315264748,43.919909476353936,27.30503594320908,37.03870011916648,29.294946323157724,53.94912101402983,34.70975630011719,29.161224079624596,35.378663606697465,31.2505231369192,42.84350644198433,41.410249826730634,47.25191048873342,26.807927388182247,45.21224599975437,50.42863431193959,36.069051993650035,40.67430699121443,61.92681181078828,32.96946909662547
2015.08,41.952467050482944,48.8370074617534,23.045639724847447,43.91911355437468,27.30488419567934,37.03761581899077,29.112972172256903,53.94873857306162,34.78962679056429,29.161224079624596,35.810902125635465,32.267057937632885,42.84349347799841,41.41008795114608,47.70725036703525,26.807927388182247,45.21297550391782,50.6850902306995,36.52034691205496,40.59161492372245,61.92849745822923,32.654255700460446
2015.09,41.840422183734816,48.945538777377664,23.045639724847447,43.91885453489767,27.30488419567934,35.38455206069256,28.968435458237682,53.94873857306162,34.8216142258342,29.161224079624596,35.81091959901168,31.52630963418449,42.84349347799841,41.41007078345097,47.68737658866007,26.807927388182247,45.27640048972405,49.341887732334584,36.47809185316821,40.72630674951935,61.92849745822923,31.993426423430105
2015.10,41.77099185178555,48.742896932572386,23.04547985360972,43.91855118762975,27.30509719991837,35.398342263402505,29.10766574599231,53.948629690749826,34.87479997264583,29.161224079624596,35.715430882128636,31.297116356186255,42.84349347799841,41.41007078345097,47.559856141962676,26.807927388182247,45.10726516544188,49.31013299989604,36.296909834283305,40.85345869750867,61.92841412578979,31.921989926978572
2015.11,41.48740402475182,48.86053802514307,23.04547985360972,43.91845568650287,27.305129930205375,32.75516237887372,28.281296018388026,53.94874563407125,34.91276761951477,29.161224079624596,35.67351018313589,31.14431288093595,42.84349347799841,41.41002646403861,47.490226190417076,26.807927388182247,44.996252893786696,49.30953862673168,36.18108277950123,40.66550762392031,61.92821300670627,31.863309772457125
2015.12,41.333932754536455,48.66422375301822,23.04544908828672,43.9187140504475,27.305224234146987,32.0796381839097,27.571222062877762,53.92621087430541,34.9668860979563,29.161224079624596,35.654810913771946,30.98744457403149,42.84346547391804,41.410305247436696,47.54634184005476,26.807927388182247,44.826948453931124,49.33863243920121,36.400178867975065,40.66542838427144,61.92821057323004,31.74648330856576
2016.01,41.130484628431205,48.50168838300704,23.04544908828672,43.83001603165743,27.305224234146987,32.13244611207283,27.58063618719705,53.92291380798221,35.05684679886993,29.161224079624596,35.59079364807598,32.232982419324756,42.84342392575925,41.410305247436696,47.49718735277313,26.807927388182247,44.82129069013019,48.78679451345949,36.26232829858365,40.648992944745885,61.92832424496644,31.56234671585499
2016.02,41.043527850368555,48.902903069516654,23.04544908828672,43.8301271671591,27.305224234146987,32.13197806736202,27.63274067223857,53.92291380798221,35.14816530680172,29.161224079624596,35.52995862478838,32.60480170066053,42.84342392575925,41.410305247436696,47.37669988903068,26.807927388182247,44.821142912826,48.843824985036896,36.22494866965881,40.68188317361588,61.92769599811244,31.444750283841174
2016.03,40.81281931398631,48.844035216727846,23.04544908828672,43.59803807832969,27.305224234146987,31.806724400984777,27.488152194564346,53.92291380798221,35.23442031421592,29.161224079624596,35.493155065948656,30.309742658158186,42.84342392575925,41.410305247436696,47.3682437122585,26.807927388182247,44.554673212027346,48.220583125643685,36.113176547470175,40.448377095799536,61.92769599811244,30.470219543355704
2016.04,40.63966241158211,48.843944092796214,23.04544908828672,43.59769933052219,27.30565091643791,31.046843237068025,27.35313153556674,53.92277898864922,35.28991746757655,29.161224079624596,35.28524259078999,29.02594724107615,42.84342392575925,41.410142084498915,47.2577356672537,26.807927388182247,44.15882896271845,48.27722592809297,35.778484224322185,40.29221817549369,61.92769599811244,30.347535200114997
2016.05,40.62010725698183,48.83489257324011,23.04544908828672,43.5976249718969,27.29372231220917,29.928984426000188,27.34425284401211,53.92262729059778,35.305083315193976,29.161224079624596,35.2741740275559,28.927701785695984,42.84339662079322,41.410142084498915,47.186587646496704,26.807927388182247,44.15356321247012,47.905247101419256,35.781928101600435,40.88548320820158,61.92769599811244,30.199559429912924
2016.06,40.5415580981724,48.825595775705146,23.04544908828672,43.59754751873795,27.28872029887132,29.73508437381245,27.277853633379777,53.921928549375224,35.36316801910363,29.161224079624596,35.20194657813727,28.91801557678436,42.84339662079322,41.410142084498915,47.16744696768951,26.807927388182247,44.04751328219708,47.73276013762606,35.77890710060631,40.77061784027772,61.92769599811244,30.194962198401118
2016.07,41.81255587838787,48.719917196989165,23.04544908828672,43.597540591309354,27.289564015563574,29.483832445644843,27.279908426871184,53.92177967073194,35.59099331452539,29.1611391387426,35.33139944632557,28.704260617159733,42.84344254816568,41.410142084498915,47.23827408278764,26.807927388182247,43.90441918711894,47.563394946756844,36.140012070717155,40.702521886055536,61.9276491884849,29.97813985810251
2016.08,42.039798747999235,49.11813177705704,23.04544908828672,43.59746977852493,27.29014614163213,29.050757672944364,27.164303246208654,53.92177967073194,35.63628117317628,29.1611391387426,35.72935878435366,28.983101104421912,42.843420636497406,41.410142084498915,47.35329913375717,26.807927388182247,44.088897502852404,47.58394727339131,36.78741263851384,40.707566987055806,61.9276491884849,29.973782655299928
2016.09,41.97990434084898,49.00087861919431,23.045505381230598,43.5973806668195,27.290128110955152,29.239464790675218,26.961369404784982,53.92164529961115,35.64184273730377,29.1611391387426,35.68004936080862,28.948473638039022,42.843420636497406,41.41012629339133,47.26973190910022,26.807787969602217,44.41281641698344,47.20667860996775,36.58706822809431,40.70776857241359,61.9276491884849,29.92441897802927
2016.10,41.916635251193,49.17219226478923,23.045505381230598,43.5973806668195,27.290175176568685,29.238418062245554,26.131911540250552,53.92164529961115,35.67784424398774,29.1611391387426,35.624248417587125,28.85902989772366,42.844364849510455,41.40984833483802,47.193865075219236,26.807787969602217,44.14533043505825,47.12893262650602,36.11183921537101,40.67206414733953,61.927596946372766,29.909495252848767
2016.11,41.89214815115318,48.72144378072879,23.045505381230598,43.597392767449925,27.290113189249,29.229695533598605,26.092102633872578,53.92164529961115,35.69606410538249,29.1611391387426,35.626693191966574,28.505858526578002,42.84420997899587,41.40984833483802,47.16394159237765,26.807787969602217,44.13380249019977,45.5612873380491,35.947474928446596,40.6651152855124,61.927596946372766,29.4232120941649
2016.12,42.02736358171271,48.719033714948154,23.045505381230598,43.597392767449925,27.290106505589314,29.658478630553848,26.097412653500164,53.92140619703412,35.73608862743414,29.1611391387426,35.53682579332563,28.33463936658905,42.84420997899587,41.40984833483802,47.22936301042196,26.807787969602217,43.982986950723614,45.46241207526136,36.05578199966135,40.665268998379275,61.927596946372766,32.09279804403139
2017.01,42.26500828327497,48.71899250398756,23.045505381230598,43.59732844172872,27.290106505589314,29.89419967149246,26.09820909902379,53.92140619703412,35.77638083508664,29.1611391387426,35.50113501435885,30.74315883197755,42.844194294750984,41.40984833483802,47.33573897902084,26.80390263303604,43.98161789572018,45.2655727984742,36.00593766680712,40.58016392359772,61.927596946372766,32.41022567381118
2017.02,42.0307954643541,48.718979403183106,23.045505381230598,43.59671544121078,27.290100541376642,29.433069192465116,27.057457249696498,53.921221195596374,35.81467367237797,29.1611391387426,35.44695667099015,30.557965717792186,42.84417122249676,41.40984833483802,47.24051338559135,26.80269312396922,43.864341258692455,45.02212847856268,35.827463934146486,40.530273719440444,61.927596946372766,32.050749093708895
2017.03,41.98505409150652,48.69295551664691,23.045505381230598,43.59671544121078,27.29053547533058,29.01856761922028,26.43153633419115,53.92032532903875,35.840332573375484,29.1611391387426,35.351373707247866,30.468858722370868,42.844297260595994,41.40984833483802,47.20742217881284,26.80269312396922,43.627205857113275,44.91756772332104,35.68808760400917,40.3167622475155,61.927596946372766,31.771472641156674
2017.04,41.84158051760694,48.411579056674064,23.045505381230598,43.59670999183907,27.27058397811735,28.3214147164651,26.121899640402585,53.92029022199155,35.83873335076635,29.1611391387426,35.29046282347609,29.841928736631655,42.623363501410566,41.40944414146075,47.16820937695612,26.80269312396922,43.62492038725632,44.27835458844866,35.54555597212974,40.251872243253125,61.927596946372766,31.427924590685883
2017.05,41.84089875078046,48.3384957353981,23.045505381230598,43.59664566835904,27.270523507644235,28.318412893122165,26.412985162952385,53.92029022199155,35.85966348111121,29.15851893274151,35.34439380537833,29.810597196836326,42.60836179533345,41.40944414146075,47.07946145354928,26.80269312396922,43.503155641133816,44.02575871136828,35.62016132426021,40.14940959974254,61.927596946372766,31.286382411765956
2017.06,41.67599626323642,48.338165669133446,23.045505381230598,43.59664566835904,27.27048869883934,28.31844704912668,26.388931855155978,53.92029022199155,35.877232795874185,29.15851893274151,35.30625041478786,30.019145892846133,42.582682892693576,41.40944414146075,47.0484969273115,26.802563142832636,43.4043233010377,43.81161000745465,35.594754639034925,40.05957682129008,61.927596946372766,31.276349103831798
2017.07,41.64966752889631,48.34869179288652,23.045505381230598,43.59664566835904,27.270803942635588,28.146005989524298,26.20111468361891,53.92029022199155,36.05994022604365,29.15851893274151,35.258838000109314,29.774251480151197,42.61916530720371,41.409615607280756,47.14593911685089,26.802563142832636,43.35910781422971,43.718971565807976,35.81585336491814,40.05930049780094,61.54881977452021,31.27778602751101
2017.08,41.63631283368065,48.99197287647582,23.045505381230598,43.59654918349488,27.270803942635588,28.54406760957128,26.182094554280738,53.92029022199155,36.09767994108837,29.15851893274151,35.557829976775324,29.602465153573245,42.53528620569924,41.40994274514542,47.131647117762405,26.802563142832636,43.42710763412205,43.717827817772005,35.98925149291081,40.1423490571176,61.54620799568082,31.18530917213658
2017.09,41.60547701036735,48.6104191746975,23.045505381230598,43.59654918349488,27.270951045593904,28.537771708622504,26.09071586993334,53.92012382986474,36.11388546038015,29.15851893274151,35.43668327396692,29.077545387142248,42.29557880853326,41.40994532988331,47.124901838372125,26.802563142832636,43.16028671558108,43.7097610424256,35.74644125338098,40.25107541529098,61.54644537830394,30.644200369882306
2017.10,41.59539060744749,48.47132941662613,23.045505381230598,43.59652366134109,27.268073414534605,28.519552483212625,26.032076012478008,53.92012382986474,36.13995449234364,29.15851893274151,35.44695450000375,32.38224124462204,42.186683621243304,41.40969758802031,47.16519454240363,26.802563142832636,43.040977975648126,43.712564464405766,35.731808384505726,40.40620121246549,61.54644537830394,30.62912957020834
2017.11,41.48880557742478,48.40372125995151,23.045505381230598,43.560951490388824,27.26757271536559,28.265530539808058,25.954722379587764,53.906649577709175,36.11887780914922,29.15851893274151,35.376935729818975,31.438649198429015,42.18073571236179,41.40969758802031,47.10805739241654,26.802563142832636,42.71976708729731,43.112232135498225,35.591158189054035,40.377853481878496,61.48948093683118,30.520284090127042
2017.12,41.68708971692338,48.21036136185251,23.045505381230598,43.56002517581523,27.267663648228293,28.25818024722874,25.928465210738707,53.81584340269812,36.12080302352989,29.15851893274151,36.18909192503838,31.181900610364934,42.17501603922092,41.40969758802031,47.14944413812492,26.802563142832636,42.67390637920419,42.88883572519331,35.56864385683116,40.2465003948993,61.33619157776385,30.395837315550434
2018.01,41.62508749392819,48.2124232269942,23.045505381230598,43.56002517581523,27.263871374866795,28.194733216071313,25.930279068205373,53.81578122095042,36.118425259306925,29.15851893274151,36.41283355216513,30.831662087092283,42.16462639323405,41.40969758802031,47.16163020623436,26.802563142832636,42.674030255994175,43.008882010547666,35.546940847905326,40.255899812394,61.33619157776385,30.389528573577767
2018.02,41.394134558413185,48.038193914426856,23.045505381230598,43.56002517581523,27.26336234684404,28.011707373968953,25.910064446644125,53.81578122095042,36.10287185437668,29.15851893274151,36.34616273007106,30.794639869238164,42.0400994632487,41.40969758802031,47.00695520324448,26.802563142832636,42.67384541445944,43.18129961255866,35.51827946562012,40.17936582433038,61.156253018114484,30.19949619494604
2018.03,41.280272218048786,48.055098219232086,23.045505381230598,43.56002771106425,27.26322938451366,27.603576023001274,25.71632394412435,53.81578122095042,36.122684413973595,29.15851893274151,36.27647755214786,29.788931305271916,42.0095336276918,41.39572909205885,46.89254858849247,26.802563142832636,42.466848661026894,42.94239496480556,35.298983217839776,40.07737548866753,61.15266648725697,30.11654709698547
2018.04,40.97114320794513,47.79401921063822,23.045505381230598,43.55384508254207,27.26282547867601,27.31179209011368,25.49412393430792,53.81563581079706,36.124904987078246,29.15851893274151,36.12301263787711,29.563503184977524,41.981847856265354,41.39572909205885,46.85524191758928,26.802563142832636,42.000515115214505,43.87133002085089,35.199149715120726,40.064978880144544,60.91673997922918,29.94161431794759
2018.05,40.9844860502258,47.793621391165225,23.045505381230598,43.55387300442806,27.26280570736348,27.0957615987953,25.251025781415304,53.81563581079706,36.11636201338163,29.15851893274151,36.00455594622111,29.558032909319085,41.956956877107224,41.39572909205885,46.85501080150347,26.802563142832636,41.78905088639256,43.239639712449495,35.12516561306149,39.998737565156695,60.91260780939504,29.866946462607842
2018.06,40.74818375560216,47.79371614585243,23.045505381230598,43.5538412394657,27.262913602132446,27.092712674857193,25.10300429555455,53.81559028325879,36.11614536422396,29.15851893274151,35.96776704833074,29.57771924445752,41.94356351488321,41.39572909205885,46.746488486139924,26.802563142832636,41.577699696700314,43.12915109002934,35.308138574662316,39.86855173359202,60.729516660759955,29.625714628238626
2018.07,40.65590620713195,47.79369480195301,23.045505381230598,43.5538412394657,27.25572835697782,27.0923154581626,25.09887407477802,53.815520643983106,36.2685047761901,29.15851893274151,36.262536032691564,29.046625209354012,41.94358894016069,41.395693553581495,46.69891646965455,26.802563142832636,41.399107122374154,42.73104599764766,35.151480835472356,39.864323456175974,60.701492917623256,29.220733013317208
2018.08,40.70572695661556,47.793681428177344,23.045505381230598,43.553809145811165,27.25542370806791,27.208368664849694,25.094365426577728,53.815589029505674,36.29382534675712,29.15851893274151,37.2244872808508,29.330845452791568,41.965081291907346,41.395693553581495,46.75109661051805,26.802563142832636,41.35287886995182,42.760406551507074,35.288568442664136,39.864227236623684,60.520901699626194,29.184546745591877
2018.09,40.99430015798647,47.795513810308364,23.04547131971454,43.553754866805875,27.25542370806791,26.64258013380009,25.038626086934077,53.81555587203792,36.32108940839918,29.15851893274151,37.01078157904469,29.41177043609349,41.734969479350944,41.395693553581495,46.6931523983946,26.802563142832636,41.297937328664055,42.76011602433084,35.15034439269373,39.73766805676723,60.363396632465935,29.133058482976402
2018.10,40.72549867247865,47.482399702175925,23.0454322776207,43.553754866805875,27.25535799854629,26.55065354879654,25.012241004194138,53.81555587203792,36.33865936625011,29.15851893274151,36.99619135636974,29.294416251705897,41.48791541158248,41.395693553581495,46.65653561019546,26.802563142832636,41.10022518612812,42.60121064140609,34.91794133940433,39.73273771248352,60.363396632465935,28.92386328088147
2018.11,40.5971299729689,47.4025778163245,23.0454322776207,43.553754866805875,27.255433329301265,26.422932520940666,24.753484110930728,53.81555587203792,36.020407696617006,29.15851893274151,37.00165311584286,29.305445441967045,41.44684097192068,41.39106940705894,46.64990853398218,26.802563142832636,40.932824100903424,42.64186230534718,34.85345112464286,39.893155206515125,60.362988820465674,28.83683171991464
2018.12,40.599264207708785,47.331370264803624,23.0454322776207,43.55372277330957,27.255474232476804,26.32329648742157,24.733342075403698,53.815530043665184,36.03108704144054,29.15851893274151,37.01041647251273,29.282776132739535,41.36559851446744,41.39106940705894,46.57554750212491,26.802563142832636,41.19560355573398,42.607522846730745,34.80122126391286,39.98170947532877,60.08511407818198,28.8209755869077
2019.01,40.445842202489594,47.29801716001347,23.0454322776207,43.55365858645887,27.255474232476804,26.217219552829476,24.654615232228924,53.815530043665184,35.926949090061015,29.15851893274151,36.92390341291313,29.208461231360776,41.356892857505734,41.39106940705894,46.60340548605064,26.802563142832636,41.08079700438406,42.17375049636181,34.78324335485357,39.87978169638473,60.084304063251906,28.7991073569871
2019.02,40.433779512856255,47.253432118928,23.0454322776207,43.553729246781955,27.255783185591362,26.178101564358194,24.644917046058332,53.815530043665184,35.9614995086161,29.15851893274151,36.88460079909135,28.95758999475874,41.35661403459593,41.39106940705894,46.735661932302875,26.802563142832636,41.049787887154345,42.087449880437724,34.74326668808255,39.85166063201623,60.084304063251906,28.782181112780552
2019.03,40.43114917012816,47.13544436136835,23.0454322776207,43.55366907333615,27.255783185591362,26.092263398662986,24.151654014104757,53.815530043665184,35.99557138479247,29.157739612123823,36.743512355209035,28.85421787457522,41.19991424094914,41.39106940705894,46.637770805652856,26.802563142832636,40.85747168106909,41.4718596325,34.7535393138387,39.830401672128794,60.084304063251906,28.779247620954024
2019.04,40.07562314488465,46.78443368111069,23.0454322776207,43.55365171742419,27.255783185591362,26.08805206284036,24.1252452238508,53.81562852095631,35.992659436590344,29.157739612123823,36.694231933789396,28.253136223484468,41.198758580004345,41.39106940705894,46.63726118291766,26.802563142832636,40.484219287152634,42.463804996799546,34.54448291235878,39.8286054475472,60.084304063251906,28.726762354272807
2019.05,39.94055701788991,46.781858963760826,23.0454322776207,43.55368946824402,27.255783185591362,26.088206615175388,23.822247909394978,53.81518669066919,35.968599383341314,29.157739612123823,36.63482537576272,28.254543886816805,41.13567563955201,41.39106940705894,46.57479047893773,26.802563142832636,40.37304491956119,42.46923321063745,34.54031836333053,39.82859186800287,60.084304063251906,28.66835993752792
2019.06,39.8968357257326,46.76912514701671,23.0454322776207,43.55368946824402,27.255783185591362,25.826408439853996,23.77925056501918,53.814335323376106,36.023775918892156,29.157739612123823,36.518469248415215,28.290399211474035,41.1284261065863,41.39106940705894,46.6450630349729,26.802563142832636,40.33424313141581,42.903843618635875,34.53836010200318,39.76024824683723,60.084304063251906,28.669159185660813
2019.07,39.867810928543605,46.76593444772178,23.0454322776207,43.55357796491991,27.256263951148235,25.56924075687239,23.777814354883088,53.814335323376106,36.07415038693067,29.157739612123823,36.53954586783011,28.188951268691685,41.27351331649025,41.39106940705894,46.623403136017714,26.802563142832636,40.311038799325644,42.671374865516626,34.56312462729715,39.76028945296735,60.084304063251906,28.221179259245393
2019.08,39.844837601868136,46.763756325526565,23.0454322776207,43.55357960311596,27.25331575315157,25.43929606391501,23.913174296388362,53.814335323376106,36.09606226637309,29.15769255412718,36.48469287145202,28.178237446912693,41.241828731250806,41.39106940705894,46.6651649530781,26.802563142832636,40.22612324140604,42.55985593203719,34.73282211988164,39.760288481065665,60.084304063251906,28.06013177198399
2019.09,39.748378464454184,46.73524530193348,23.0454322776207,43.53640693884969,27.246096251274825,25.33547981885778,23.502925739967043,53.814335323376106,36.085620369594295,29.15769255412718,36.438394016383285,28.17897280338785,41.188225251293964,41.39106940705894,46.56825204309634,26.802563142832636,40.0395240690224,42.55604480877223,34.51653601654398,39.63783494336941,60.084304063251906,27.906019325003445
2019.10,39.45885092001805,46.58032589775074,23.0454322776207,43.53488281755556,27.24299548405792,25.276915337833714,23.395060644513205,53.814335323376106,36.07372214347087,29.157531453867662,36.30455757293287,28.180916250497674,41.161497388500294,41.39106940705894,46.54064988851125,26.802563142832636,39.86195226258081,42.273694374245785,34.51418873009399,39.62961216172068,60.084304063251906,27.74038877573038
2019.11,39.43243333579318,46.57939251014524,23.0454322776207,43.534872114072726,27.24291732177286,25.28007702904648,23.378805114577005,53.814335323376106,36.04089077565117,29.157291263182113,36.14396592818289,28.06243137643554,41.06389739660888,41.39106940705894,46.42382568272137,26.80249347584242,39.75429728360671,42.510373024019835,34.49675203675196,39.62961216172068,60.084304063251906,27.719707327722507
2019.12,39.471835766466896,46.57962923112735,23.0454322776207,43.53492753220305,27.243191687144684,25.328769760206168,23.37300353256099,53.81033129472963,36.03964661476425,29.157291263182113,36.132760906912836,27.910636252235317,40.910643880473,41.39106940705894,46.482549027948444,26.80249347584242,39.66672260170709,42.20302190234371,34.41340689758913,39.62748576079756,60.084304063251906,27.674998152622493
2020.01,39.35435968262497,46.594487681969696,23.0454322776207,43.53489547328588,27.243191687144684,25.365622136132632,23.373318710347743,53.80994079237631,36.02845824411135,29.157291263182113,36.081303955017894,27.89035654388928,40.76431095081942,41.39106940705894,46.41789892765991,26.80249347584242,39.661083924824425,41.885518289513456,34.20739458895668,39.627460659393066,60.084304063251906,27.674923251326472
2020.02,39.09533486292477,46.33941667360374,23.0454322776207,43.53489547328588,27.243191687144684,25.360617678214947,23.373214758034205,53.80994079237631,35.99535231316726,29.157291263182113,35.942957597741994,27.494276981918635,40.52836900640117,41.39106940705894,46.26954014211736,26.80249347584242,39.425104588351246,41.76838903264074,34.139752174470225,39.627460659393066,60.084304063251906,27.669671887534943
2020.03,38.97864591235554,46.33806962113651,23.0454322776207,43.53489547328588,27.243191687144684,24.293937702410606,23.28172049478096,53.80994079237631,35.98903647630499,29.086824173206846,35.93142251770621,27.193077587510903,40.41370764949897,41.39106940705894,46.25393221783061,26.80249347584242,39.38183637991887,41.75439739086018,33.78188542830983,39.62112225487404,59.78941294606058,27.114278404946713
2020.04,38.9636099778555,46.33641083112464,23.045386448135392,43.512285730844916,27.243191687144684,24.190486198511714,23.28027680141043,53.7718715020561,35.93080374574912,29.08674549716367,35.92826100400024,27.16145877006569,40.390306265852104,41.39106940705894,46.24631910081234,26.80249347584242,39.37636082939495,41.690432908767825,33.716375172631295,39.61284242908285,59.75141155503192,26.56639833600393
2020.05,38.93870960302812,46.33641083112464,23.045386448135392,43.512186339766934,27.243191687144684,23.626540551285448,23.276250410016186,53.7718715020561,35.74110798677914,29.08674549716367,35.92766026878917,27.157311009333313,40.3879482506356,41.39106940705894,46.228366307647704,26.80249347584242,39.37591933533152,41.51331775686007,33.60240749753002,39.5977648964979,59.68877337322363,26.22682873231985
2020.06,38.935565133024966,46.33639398368228,23.045386448135392,43.51216903569691,27.19992135855775,23.415681204786324,23.27493919000855,53.7718715020561,35.69424253075571,29.08674549716367,35.82703263897766,27.15651318199754,40.20656270231818,41.39106940705894,46.21821794480369,26.80249347584242,39.34512544372369,41.11579542358866,33.53698489912941,39.534599333518706,59.57072502195039,26.06690943370093
2020.07,38.35447532389165,46.33639398368228,23.045386448135392,43.51206447585311,27.181567327340037,23.41174559735824,23.27414495841534,53.7718715020561,35.55720533147487,29.08674549716367,35.50379700035794,27.12722394298227,40.14431644311956,41.39106940705894,46.218127779712255,26.80249347584242,39.307857317444714,40.92526218597174,33.52965519383315,39.52717318497762,59.04226367375858,26.01454636912855
2020.08,38.19402446756657,46.33556874489023,23.045386448135392,43.51196359670903,27.179475035369627,23.191297112011842,23.273781567155535,53.7718715020561,35.4815498667259,29.08674549716367,35.32294153236777,26.639119779641106,40.14425421750357,41.39106940705894,45.923837830074575,26.80249347584242,39.0445149521583,40.881727411235545,33.529627894680104,39.52649500155719,59.041761383205895,26.0108074072013
2020.09,38.1852346591503,46.30162704538455,23.045386448135392,43.51179610611758,27.178930019323307,23.15809995850693,22.170395209429582,53.77180874066837,35.40314613887669,29.08674549716367,35.321999195700556,26.377655570670296,40.146437120321366,41.39106940705894,45.850299470048164,26.80249347584242,38.541641824117626,40.45954095129664,33.52961838240918,39.52648910768798,59.041761383205895,25.922497578434108
2020.10,38.18133957583775,46.14007650228885,23.045386448135392,43.511734268922524,27.179048930342418,22.950360846251865,22.178820263119132,53.77180517502525,35.37428754557296,29.08674549716367,35.14405778330057,26.349743773747345,40.14599442120933,41.39106940705894,45.635681282476824,26.80249347584242,38.467362980406286,40.453927295547956,33.52951441249027,39.526371955011044,59.04163827227617,25.672335716941998
2020.11,38.181043059115,46.1279130985785,23.045386448135392,43.511734268922524,27.174341485762643,22.937959120723395,22.178979273541003,53.77180517502525,35.28076719078823,29.079880363844907,34.93603622824745,26.33050035742097,40.14591473574045,41.391016836304296,45.354116054979045,26.80249347584242,38.29199603191619,40.4478803233973,33.46127639492144,39.52236211549823,59.04163827227617,25.653206530648593
2020.12,38.17845022864346,46.128095003251055,23.045386448135392,43.511709605966935,27.174235675060636,22.935787423440054,22.177695814456627,53.682049785953005,35.19714982186387,29.079841046756762,34.92417758291187,26.184356300054958,40.14316919658565,41.39066574763071,45.287800063164454,26.80249347584242,37.80017915636969,40.44640815303566,33.420953174191375,39.522206315819844,59.04632843693187,25.592720610341996
